2025-09-15 09:43:33.767 [                  ] [main] INFO  c.u.c.CertificaufuApplication - Starting CertificaufuApplication using Java 24.0.1 with PID 30828 (C:\Users\Gustavo Achcar Filho\Desktop\projects\Certifica UFU - PDSI1\certificaUFU\easycomm-monorepo\certifica-ufu-api\target\classes started by Gustavo Achcar Filho in C:\Users\Gustavo Achcar Filho\Desktop\projects\Certifica UFU - PDSI1\certificaUFU\easycomm-monorepo)
2025-09-15 09:43:33.777 [                  ] [main] INFO  c.u.c.CertificaufuApplication - No active profile set, falling back to 1 default profile: "default"
2025-09-15 09:43:34.358 [                  ] [main] INFO  o.s.d.r.c.RepositoryConfigurationDelegate - Bootstrapping Spring Data MongoDB repositories in DEFAULT mode.
2025-09-15 09:43:34.402 [                  ] [main] INFO  o.s.d.r.c.RepositoryConfigurationDelegate - Finished Spring Data repository scanning in 39 ms. Found 3 MongoDB repository interfaces.
2025-09-15 09:43:35.245 [                  ] [main] INFO  o.s.b.w.e.tomcat.TomcatWebServer - Tomcat initialized with port 8080 (http)
2025-09-15 09:43:35.261 [                  ] [main] INFO  o.a.coyote.http11.Http11NioProtocol - Initializing ProtocolHandler ["http-nio-8080"]
2025-09-15 09:43:35.264 [                  ] [main] INFO  o.a.catalina.core.StandardService - Starting service [Tomcat]
2025-09-15 09:43:35.264 [                  ] [main] INFO  o.a.catalina.core.StandardEngine - Starting Servlet engine: [Apache Tomcat/10.1.20]
2025-09-15 09:43:35.329 [                  ] [main] INFO  o.a.c.c.C.[Tomcat].[localhost].[/] - Initializing Spring embedded WebApplicationContext
2025-09-15 09:43:35.329 [                  ] [main] INFO  o.s.b.w.s.c.ServletWebServerApplicationContext - Root WebApplicationContext: initialization completed in 1497 ms
2025-09-15 09:43:35.537 [                  ] [cluster-ClusterId{value='68c809f716d44270f04c1b92', description='null'}-localhost:27017] INFO  org.mongodb.driver.cluster - Exception in monitor thread while connecting to server localhost:27017
com.mongodb.MongoSocketOpenException: Exception opening socket
	at com.mongodb.internal.connection.SocketStream.lambda$open$0(SocketStream.java:84)
	at java.base/java.util.Optional.orElseThrow(Optional.java:403)
	at com.mongodb.internal.connection.SocketStream.open(SocketStream.java:84)
	at com.mongodb.internal.connection.InternalStreamConnection.open(InternalStreamConnection.java:211)
	at com.mongodb.internal.connection.DefaultServerMonitor$ServerMonitorRunnable.lookupServerDescription(DefaultServerMonitor.java:193)
	at com.mongodb.internal.connection.DefaultServerMonitor$ServerMonitorRunnable.run(DefaultServerMonitor.java:153)
	at java.base/java.lang.Thread.run(Thread.java:1447)
Caused by: java.net.ConnectException: Connection refused: getsockopt
	at java.base/sun.nio.ch.Net.pollConnect(Native Method)
	at java.base/sun.nio.ch.Net.pollConnectNow(Net.java:628)
	at java.base/sun.nio.ch.NioSocketImpl.timedFinishConnect(NioSocketImpl.java:533)
	at java.base/sun.nio.ch.NioSocketImpl.connect(NioSocketImpl.java:583)
	at java.base/java.net.SocksSocketImpl.connect(SocksSocketImpl.java:282)
	at java.base/java.net.Socket.connect(Socket.java:665)
	at com.mongodb.internal.connection.SocketStreamHelper.initialize(SocketStreamHelper.java:76)
	at com.mongodb.internal.connection.SocketStream.initializeSocket(SocketStream.java:104)
	at com.mongodb.internal.connection.SocketStream.open(SocketStream.java:78)
	... 4 common frames omitted
2025-09-15 09:43:35.543 [                  ] [main] INFO  org.mongodb.driver.client - MongoClient with metadata {"driver": {"name": "mongo-java-driver|sync|spring-boot", "version": "4.11.2"}, "os": {"type": "Windows", "name": "Windows 11", "architecture": "amd64", "version": "10.0"}, "platform": "Java/Oracle Corporation/24.0.1+9-30"} created with settings MongoClientSettings{readPreference=primary, writeConcern=WriteConcern{w=null, wTimeout=null ms, journal=null}, retryWrites=true, retryReads=true, readConcern=ReadConcern{level=null}, credential=null, transportSettings=null, streamFactoryFactory=null, commandListeners=[], codecRegistry=ProvidersCodecRegistry{codecProviders=[ValueCodecProvider{}, BsonValueCodecProvider{}, DBRefCodecProvider{}, DBObjectCodecProvider{}, DocumentCodecProvider{}, CollectionCodecProvider{}, IterableCodecProvider{}, MapCodecProvider{}, GeoJsonCodecProvider{}, GridFSFileCodecProvider{}, Jsr310CodecProvider{}, JsonObjectCodecProvider{}, BsonCodecProvider{}, EnumCodecProvider{}, com.mongodb.client.model.mql.ExpressionCodecProvider@31aab981, com.mongodb.Jep395RecordCodecProvider@26be9a6, com.mongodb.KotlinCodecProvider@4d518c66]}, loggerSettings=LoggerSettings{maxDocumentLength=1000}, clusterSettings={hosts=[localhost:27017], srvServiceName=mongodb, mode=SINGLE, requiredClusterType=UNKNOWN, requiredReplicaSetName='null', serverSelector='null', clusterListeners='[]', serverSelectionTimeout='30000 ms', localThreshold='15 ms'}, socketSettings=SocketSettings{connectTimeoutMS=10000, readTimeoutMS=0, receiveBufferSize=0, proxySettings=ProxySettings{host=null, port=null, username=null, password=null}}, heartbeatSocketSettings=SocketSettings{connectTimeoutMS=10000, readTimeoutMS=10000, receiveBufferSize=0, proxySettings=ProxySettings{host=null, port=null, username=null, password=null}}, connectionPoolSettings=ConnectionPoolSettings{maxSize=100, minSize=0, maxWaitTimeMS=120000, maxConnectionLifeTimeMS=0, maxConnectionIdleTimeMS=0, maintenanceInitialDelayMS=0, maintenanceFrequencyMS=60000, connectionPoolListeners=[], maxConnecting=2}, serverSettings=ServerSettings{heartbeatFrequencyMS=10000, minHeartbeatFrequencyMS=500, serverListeners='[]', serverMonitorListeners='[]'}, sslSettings=SslSettings{enabled=false, invalidHostNameAllowed=false, context=null}, applicationName='null', compressorList=[], uuidRepresentation=JAVA_LEGACY, serverApi=null, autoEncryptionSettings=null, dnsClient=null, inetAddressResolver=null, contextProvider=null}
2025-09-15 09:43:35.983 [                  ] [main] INFO  o.s.d.p.DefaultProjectionInformation$PropertyDescriptorSource - Couldn't read class metadata for interface java.io.Serializable. Input property calculation might fail
2025-09-15 09:43:37.153 [                  ] [main] INFO  o.s.s.web.DefaultSecurityFilterChain - Will secure any request with [org.springframework.security.web.session.DisableEncodeUrlFilter@641bc9a8, org.springframework.security.web.context.request.async.WebAsyncManagerIntegrationFilter@1d40f597, org.springframework.security.web.context.SecurityContextHolderFilter@2212e291, org.springframework.security.web.header.HeaderWriterFilter@2051a0ec, org.springframework.web.filter.CorsFilter@20960b51, org.springframework.security.web.authentication.logout.LogoutFilter@6de9bba2, com.ufu_solutions.certifica_ufu_api.security.SecurityFilter@6546371, org.springframework.security.web.savedrequest.RequestCacheAwareFilter@2314cd97, org.springframework.security.web.servletapi.SecurityContextHolderAwareRequestFilter@51dbed72, org.springframework.security.web.authentication.AnonymousAuthenticationFilter@2078bf0a, org.springframework.security.web.session.SessionManagementFilter@42474b18, org.springframework.security.web.access.ExceptionTranslationFilter@5895c065, org.springframework.security.web.access.intercept.AuthorizationFilter@423762ae]
2025-09-15 09:43:37.471 [                  ] [main] INFO  o.a.k.c.admin.AdminClientConfig - AdminClientConfig values: 
	auto.include.jmx.reporter = true
	bootstrap.servers = [localhost:9092]
	client.dns.lookup = use_all_dns_ips
	client.id = 
	connections.max.idle.ms = 300000
	default.api.timeout.ms = 60000
	metadata.max.age.ms = 300000
	metric.reporters = []
	metrics.num.samples = 2
	metrics.recording.level = INFO
	metrics.sample.window.ms = 30000
	receive.buffer.bytes = 65536
	reconnect.backoff.max.ms = 1000
	reconnect.backoff.ms = 50
	request.timeout.ms = 30000
	retries = 2147483647
	retry.backoff.ms = 100
	sasl.client.callback.handler.class = null
	sasl.jaas.config = null
	sasl.kerberos.kinit.cmd = /usr/bin/kinit
	sasl.kerberos.min.time.before.relogin = 60000
	sasl.kerberos.service.name = null
	sasl.kerberos.ticket.renew.jitter = 0.05
	sasl.kerberos.ticket.renew.window.factor = 0.8
	sasl.login.callback.handler.class = null
	sasl.login.class = null
	sasl.login.connect.timeout.ms = null
	sasl.login.read.timeout.ms = null
	sasl.login.refresh.buffer.seconds = 300
	sasl.login.refresh.min.period.seconds = 60
	sasl.login.refresh.window.factor = 0.8
	sasl.login.refresh.window.jitter = 0.05
	sasl.login.retry.backoff.max.ms = 10000
	sasl.login.retry.backoff.ms = 100
	sasl.mechanism = GSSAPI
	sasl.oauthbearer.clock.skew.seconds = 30
	sasl.oauthbearer.expected.audience = null
	sasl.oauthbearer.expected.issuer = null
	sasl.oauthbearer.jwks.endpoint.refresh.ms = 3600000
	sasl.oauthbearer.jwks.endpoint.retry.backoff.max.ms = 10000
	sasl.oauthbearer.jwks.endpoint.retry.backoff.ms = 100
	sasl.oauthbearer.jwks.endpoint.url = null
	sasl.oauthbearer.scope.claim.name = scope
	sasl.oauthbearer.sub.claim.name = sub
	sasl.oauthbearer.token.endpoint.url = null
	security.protocol = PLAINTEXT
	security.providers = null
	send.buffer.bytes = 131072
	socket.connection.setup.timeout.max.ms = 30000
	socket.connection.setup.timeout.ms = 10000
	ssl.cipher.suites = null
	ssl.enabled.protocols = [TLSv1.2, TLSv1.3]
	ssl.endpoint.identification.algorithm = https
	ssl.engine.factory.class = null
	ssl.key.password = null
	ssl.keymanager.algorithm = SunX509
	ssl.keystore.certificate.chain = null
	ssl.keystore.key = null
	ssl.keystore.location = null
	ssl.keystore.password = null
	ssl.keystore.type = JKS
	ssl.protocol = TLSv1.3
	ssl.provider = null
	ssl.secure.random.implementation = null
	ssl.trustmanager.algorithm = PKIX
	ssl.truststore.certificates = null
	ssl.truststore.location = null
	ssl.truststore.password = null
	ssl.truststore.type = JKS

2025-09-15 09:43:37.565 [                  ] [main] INFO  o.a.kafka.common.utils.AppInfoParser - Kafka version: 3.6.2
2025-09-15 09:43:37.566 [                  ] [main] INFO  o.a.kafka.common.utils.AppInfoParser - Kafka commitId: c4deed513057c94e
2025-09-15 09:43:37.566 [                  ] [main] INFO  o.a.kafka.common.utils.AppInfoParser - Kafka startTimeMs: 1757940217564
2025-09-15 09:43:37.579 [                  ] [kafka-admin-client-thread | adminclient-1] INFO  o.apache.kafka.clients.NetworkClient - [AdminClient clientId=adminclient-1] Node -1 disconnected.
2025-09-15 09:43:37.580 [                  ] [kafka-admin-client-thread | adminclient-1] WARN  o.apache.kafka.clients.NetworkClient - [AdminClient clientId=adminclient-1] Connection to node -1 (localhost/127.0.0.1:9092) could not be established. Broker may not be available.
2025-09-15 09:43:37.684 [                  ] [kafka-admin-client-thread | adminclient-1] INFO  o.apache.kafka.clients.NetworkClient - [AdminClient clientId=adminclient-1] Node -1 disconnected.
2025-09-15 09:43:37.685 [                  ] [kafka-admin-client-thread | adminclient-1] WARN  o.apache.kafka.clients.NetworkClient - [AdminClient clientId=adminclient-1] Connection to node -1 (localhost/127.0.0.1:9092) could not be established. Broker may not be available.
2025-09-15 09:43:37.887 [                  ] [kafka-admin-client-thread | adminclient-1] INFO  o.apache.kafka.clients.NetworkClient - [AdminClient clientId=adminclient-1] Node -1 disconnected.
2025-09-15 09:43:37.888 [                  ] [kafka-admin-client-thread | adminclient-1] WARN  o.apache.kafka.clients.NetworkClient - [AdminClient clientId=adminclient-1] Connection to node -1 (localhost/127.0.0.1:9092) could not be established. Broker may not be available.
2025-09-15 09:43:38.192 [                  ] [kafka-admin-client-thread | adminclient-1] INFO  o.apache.kafka.clients.NetworkClient - [AdminClient clientId=adminclient-1] Node -1 disconnected.
2025-09-15 09:43:38.194 [                  ] [kafka-admin-client-thread | adminclient-1] WARN  o.apache.kafka.clients.NetworkClient - [AdminClient clientId=adminclient-1] Connection to node -1 (localhost/127.0.0.1:9092) could not be established. Broker may not be available.
2025-09-15 09:43:38.696 [                  ] [kafka-admin-client-thread | adminclient-1] INFO  o.apache.kafka.clients.NetworkClient - [AdminClient clientId=adminclient-1] Node -1 disconnected.
2025-09-15 09:43:38.697 [                  ] [kafka-admin-client-thread | adminclient-1] WARN  o.apache.kafka.clients.NetworkClient - [AdminClient clientId=adminclient-1] Connection to node -1 (localhost/127.0.0.1:9092) could not be established. Broker may not be available.
2025-09-15 09:43:39.703 [                  ] [kafka-admin-client-thread | adminclient-1] INFO  o.apache.kafka.clients.NetworkClient - [AdminClient clientId=adminclient-1] Node -1 disconnected.
2025-09-15 09:43:39.703 [                  ] [kafka-admin-client-thread | adminclient-1] WARN  o.apache.kafka.clients.NetworkClient - [AdminClient clientId=adminclient-1] Connection to node -1 (localhost/127.0.0.1:9092) could not be established. Broker may not be available.
2025-09-15 09:43:40.809 [                  ] [kafka-admin-client-thread | adminclient-1] INFO  o.apache.kafka.clients.NetworkClient - [AdminClient clientId=adminclient-1] Node -1 disconnected.
2025-09-15 09:43:40.812 [                  ] [kafka-admin-client-thread | adminclient-1] WARN  o.apache.kafka.clients.NetworkClient - [AdminClient clientId=adminclient-1] Connection to node -1 (localhost/127.0.0.1:9092) could not be established. Broker may not be available.
2025-09-15 09:43:41.921 [                  ] [kafka-admin-client-thread | adminclient-1] INFO  o.apache.kafka.clients.NetworkClient - [AdminClient clientId=adminclient-1] Node -1 disconnected.
2025-09-15 09:43:41.921 [                  ] [kafka-admin-client-thread | adminclient-1] WARN  o.apache.kafka.clients.NetworkClient - [AdminClient clientId=adminclient-1] Connection to node -1 (localhost/127.0.0.1:9092) could not be established. Broker may not be available.
2025-09-15 09:43:43.029 [                  ] [kafka-admin-client-thread | adminclient-1] INFO  o.apache.kafka.clients.NetworkClient - [AdminClient clientId=adminclient-1] Node -1 disconnected.
2025-09-15 09:43:43.030 [                  ] [kafka-admin-client-thread | adminclient-1] WARN  o.apache.kafka.clients.NetworkClient - [AdminClient clientId=adminclient-1] Connection to node -1 (localhost/127.0.0.1:9092) could not be established. Broker may not be available.
2025-09-15 09:43:44.137 [                  ] [kafka-admin-client-thread | adminclient-1] INFO  o.apache.kafka.clients.NetworkClient - [AdminClient clientId=adminclient-1] Node -1 disconnected.
2025-09-15 09:43:44.137 [                  ] [kafka-admin-client-thread | adminclient-1] WARN  o.apache.kafka.clients.NetworkClient - [AdminClient clientId=adminclient-1] Connection to node -1 (localhost/127.0.0.1:9092) could not be established. Broker may not be available.
2025-09-15 09:43:45.345 [                  ] [kafka-admin-client-thread | adminclient-1] INFO  o.apache.kafka.clients.NetworkClient - [AdminClient clientId=adminclient-1] Node -1 disconnected.
2025-09-15 09:43:45.346 [                  ] [kafka-admin-client-thread | adminclient-1] WARN  o.apache.kafka.clients.NetworkClient - [AdminClient clientId=adminclient-1] Connection to node -1 (localhost/127.0.0.1:9092) could not be established. Broker may not be available.
2025-09-15 09:43:46.354 [                  ] [kafka-admin-client-thread | adminclient-1] INFO  o.apache.kafka.clients.NetworkClient - [AdminClient clientId=adminclient-1] Node -1 disconnected.
2025-09-15 09:43:46.355 [                  ] [kafka-admin-client-thread | adminclient-1] WARN  o.apache.kafka.clients.NetworkClient - [AdminClient clientId=adminclient-1] Connection to node -1 (localhost/127.0.0.1:9092) could not be established. Broker may not be available.
2025-09-15 09:43:47.363 [                  ] [kafka-admin-client-thread | adminclient-1] INFO  o.apache.kafka.clients.NetworkClient - [AdminClient clientId=adminclient-1] Node -1 disconnected.
2025-09-15 09:43:47.363 [                  ] [kafka-admin-client-thread | adminclient-1] WARN  o.apache.kafka.clients.NetworkClient - [AdminClient clientId=adminclient-1] Connection to node -1 (localhost/127.0.0.1:9092) could not be established. Broker may not be available.
2025-09-15 09:43:48.570 [                  ] [kafka-admin-client-thread | adminclient-1] INFO  o.apache.kafka.clients.NetworkClient - [AdminClient clientId=adminclient-1] Node -1 disconnected.
2025-09-15 09:43:48.570 [                  ] [kafka-admin-client-thread | adminclient-1] WARN  o.apache.kafka.clients.NetworkClient - [AdminClient clientId=adminclient-1] Connection to node -1 (localhost/127.0.0.1:9092) could not be established. Broker may not be available.
2025-09-15 09:43:49.578 [                  ] [kafka-admin-client-thread | adminclient-1] INFO  o.apache.kafka.clients.NetworkClient - [AdminClient clientId=adminclient-1] Node -1 disconnected.
2025-09-15 09:43:49.578 [                  ] [kafka-admin-client-thread | adminclient-1] WARN  o.apache.kafka.clients.NetworkClient - [AdminClient clientId=adminclient-1] Connection to node -1 (localhost/127.0.0.1:9092) could not be established. Broker may not be available.
2025-09-15 09:43:50.483 [                  ] [kafka-admin-client-thread | adminclient-1] INFO  o.apache.kafka.clients.NetworkClient - [AdminClient clientId=adminclient-1] Node -1 disconnected.
2025-09-15 09:43:50.483 [                  ] [kafka-admin-client-thread | adminclient-1] WARN  o.apache.kafka.clients.NetworkClient - [AdminClient clientId=adminclient-1] Connection to node -1 (localhost/127.0.0.1:9092) could not be established. Broker may not be available.
2025-09-15 09:43:51.392 [                  ] [kafka-admin-client-thread | adminclient-1] INFO  o.apache.kafka.clients.NetworkClient - [AdminClient clientId=adminclient-1] Node -1 disconnected.
2025-09-15 09:43:51.393 [                  ] [kafka-admin-client-thread | adminclient-1] WARN  o.apache.kafka.clients.NetworkClient - [AdminClient clientId=adminclient-1] Connection to node -1 (localhost/127.0.0.1:9092) could not be established. Broker may not be available.
2025-09-15 09:43:52.401 [                  ] [kafka-admin-client-thread | adminclient-1] INFO  o.apache.kafka.clients.NetworkClient - [AdminClient clientId=adminclient-1] Node -1 disconnected.
2025-09-15 09:43:52.401 [                  ] [kafka-admin-client-thread | adminclient-1] WARN  o.apache.kafka.clients.NetworkClient - [AdminClient clientId=adminclient-1] Connection to node -1 (localhost/127.0.0.1:9092) could not be established. Broker may not be available.
2025-09-15 09:43:53.507 [                  ] [kafka-admin-client-thread | adminclient-1] INFO  o.apache.kafka.clients.NetworkClient - [AdminClient clientId=adminclient-1] Node -1 disconnected.
2025-09-15 09:43:53.507 [                  ] [kafka-admin-client-thread | adminclient-1] WARN  o.apache.kafka.clients.NetworkClient - [AdminClient clientId=adminclient-1] Connection to node -1 (localhost/127.0.0.1:9092) could not be established. Broker may not be available.
2025-09-15 09:43:54.513 [                  ] [kafka-admin-client-thread | adminclient-1] INFO  o.apache.kafka.clients.NetworkClient - [AdminClient clientId=adminclient-1] Node -1 disconnected.
2025-09-15 09:43:54.513 [                  ] [kafka-admin-client-thread | adminclient-1] WARN  o.apache.kafka.clients.NetworkClient - [AdminClient clientId=adminclient-1] Connection to node -1 (localhost/127.0.0.1:9092) could not be established. Broker may not be available.
2025-09-15 09:43:55.519 [                  ] [kafka-admin-client-thread | adminclient-1] INFO  o.apache.kafka.clients.NetworkClient - [AdminClient clientId=adminclient-1] Node -1 disconnected.
2025-09-15 09:43:55.519 [                  ] [kafka-admin-client-thread | adminclient-1] WARN  o.apache.kafka.clients.NetworkClient - [AdminClient clientId=adminclient-1] Connection to node -1 (localhost/127.0.0.1:9092) could not be established. Broker may not be available.
2025-09-15 09:43:56.424 [                  ] [kafka-admin-client-thread | adminclient-1] INFO  o.apache.kafka.clients.NetworkClient - [AdminClient clientId=adminclient-1] Node -1 disconnected.
2025-09-15 09:43:56.424 [                  ] [kafka-admin-client-thread | adminclient-1] WARN  o.apache.kafka.clients.NetworkClient - [AdminClient clientId=adminclient-1] Connection to node -1 (localhost/127.0.0.1:9092) could not be established. Broker may not be available.
2025-09-15 09:43:57.532 [                  ] [kafka-admin-client-thread | adminclient-1] INFO  o.apache.kafka.clients.NetworkClient - [AdminClient clientId=adminclient-1] Node -1 disconnected.
2025-09-15 09:43:57.533 [                  ] [kafka-admin-client-thread | adminclient-1] WARN  o.apache.kafka.clients.NetworkClient - [AdminClient clientId=adminclient-1] Connection to node -1 (localhost/127.0.0.1:9092) could not be established. Broker may not be available.
2025-09-15 09:43:58.740 [                  ] [kafka-admin-client-thread | adminclient-1] INFO  o.apache.kafka.clients.NetworkClient - [AdminClient clientId=adminclient-1] Node -1 disconnected.
2025-09-15 09:43:58.741 [                  ] [kafka-admin-client-thread | adminclient-1] WARN  o.apache.kafka.clients.NetworkClient - [AdminClient clientId=adminclient-1] Connection to node -1 (localhost/127.0.0.1:9092) could not be established. Broker may not be available.
2025-09-15 09:43:59.747 [                  ] [kafka-admin-client-thread | adminclient-1] INFO  o.apache.kafka.clients.NetworkClient - [AdminClient clientId=adminclient-1] Node -1 disconnected.
2025-09-15 09:43:59.748 [                  ] [kafka-admin-client-thread | adminclient-1] WARN  o.apache.kafka.clients.NetworkClient - [AdminClient clientId=adminclient-1] Connection to node -1 (localhost/127.0.0.1:9092) could not be established. Broker may not be available.
2025-09-15 09:44:00.853 [                  ] [kafka-admin-client-thread | adminclient-1] INFO  o.apache.kafka.clients.NetworkClient - [AdminClient clientId=adminclient-1] Node -1 disconnected.
2025-09-15 09:44:00.853 [                  ] [kafka-admin-client-thread | adminclient-1] WARN  o.apache.kafka.clients.NetworkClient - [AdminClient clientId=adminclient-1] Connection to node -1 (localhost/127.0.0.1:9092) could not be established. Broker may not be available.
2025-09-15 09:44:02.061 [                  ] [kafka-admin-client-thread | adminclient-1] INFO  o.apache.kafka.clients.NetworkClient - [AdminClient clientId=adminclient-1] Node -1 disconnected.
2025-09-15 09:44:02.062 [                  ] [kafka-admin-client-thread | adminclient-1] WARN  o.apache.kafka.clients.NetworkClient - [AdminClient clientId=adminclient-1] Connection to node -1 (localhost/127.0.0.1:9092) could not be established. Broker may not be available.
2025-09-15 09:44:03.271 [                  ] [kafka-admin-client-thread | adminclient-1] INFO  o.apache.kafka.clients.NetworkClient - [AdminClient clientId=adminclient-1] Node -1 disconnected.
2025-09-15 09:44:03.271 [                  ] [kafka-admin-client-thread | adminclient-1] WARN  o.apache.kafka.clients.NetworkClient - [AdminClient clientId=adminclient-1] Connection to node -1 (localhost/127.0.0.1:9092) could not be established. Broker may not be available.
2025-09-15 09:44:04.478 [                  ] [kafka-admin-client-thread | adminclient-1] INFO  o.apache.kafka.clients.NetworkClient - [AdminClient clientId=adminclient-1] Node -1 disconnected.
2025-09-15 09:44:04.478 [                  ] [kafka-admin-client-thread | adminclient-1] WARN  o.apache.kafka.clients.NetworkClient - [AdminClient clientId=adminclient-1] Connection to node -1 (localhost/127.0.0.1:9092) could not be established. Broker may not be available.
2025-09-15 09:44:05.586 [                  ] [kafka-admin-client-thread | adminclient-1] INFO  o.apache.kafka.clients.NetworkClient - [AdminClient clientId=adminclient-1] Node -1 disconnected.
2025-09-15 09:44:05.586 [                  ] [kafka-admin-client-thread | adminclient-1] WARN  o.apache.kafka.clients.NetworkClient - [AdminClient clientId=adminclient-1] Connection to node -1 (localhost/127.0.0.1:9092) could not be established. Broker may not be available.
2025-09-15 09:44:06.693 [                  ] [kafka-admin-client-thread | adminclient-1] INFO  o.apache.kafka.clients.NetworkClient - [AdminClient clientId=adminclient-1] Node -1 disconnected.
2025-09-15 09:44:06.694 [                  ] [kafka-admin-client-thread | adminclient-1] WARN  o.apache.kafka.clients.NetworkClient - [AdminClient clientId=adminclient-1] Connection to node -1 (localhost/127.0.0.1:9092) could not be established. Broker may not be available.
2025-09-15 09:44:07.568 [                  ] [kafka-admin-client-thread | adminclient-1] INFO  o.a.k.c.a.i.AdminMetadataManager - [AdminClient clientId=adminclient-1] Metadata update failed
org.apache.kafka.common.errors.TimeoutException: Timed out waiting for a node assignment. Call: fetchMetadata
2025-09-15 09:44:07.573 [                  ] [main] ERROR o.s.kafka.core.KafkaAdmin - Could not configure topics
org.springframework.kafka.KafkaException: Timed out waiting to get existing topics
	at org.springframework.kafka.core.KafkaAdmin.lambda$checkPartitions$11(KafkaAdmin.java:520)
	at java.base/java.util.HashMap.forEach(HashMap.java:1430)
	at org.springframework.kafka.core.KafkaAdmin.checkPartitions(KafkaAdmin.java:499)
	at org.springframework.kafka.core.KafkaAdmin.addOrModifyTopicsIfNeeded(KafkaAdmin.java:392)
	at org.springframework.kafka.core.KafkaAdmin.initialize(KafkaAdmin.java:258)
	at org.springframework.kafka.core.KafkaAdmin.afterSingletonsInstantiated(KafkaAdmin.java:222)
	at org.springframework.beans.factory.support.DefaultListableBeanFactory.preInstantiateSingletons(DefaultListableBeanFactory.java:986)
	at org.springframework.context.support.AbstractApplicationContext.finishBeanFactoryInitialization(AbstractApplicationContext.java:962)
	at org.springframework.context.support.AbstractApplicationContext.refresh(AbstractApplicationContext.java:624)
	at org.springframework.boot.web.servlet.context.ServletWebServerApplicationContext.refresh(ServletWebServerApplicationContext.java:146)
	at org.springframework.boot.SpringApplication.refresh(SpringApplication.java:754)
	at org.springframework.boot.SpringApplication.refreshContext(SpringApplication.java:456)
	at org.springframework.boot.SpringApplication.run(SpringApplication.java:334)
	at org.springframework.boot.SpringApplication.run(SpringApplication.java:1354)
	at org.springframework.boot.SpringApplication.run(SpringApplication.java:1343)
	at com.ufu_solutions.certifica_ufu_api.CertificaufuApplication.main(CertificaufuApplication.java:12)
Caused by: java.util.concurrent.TimeoutException: null
	at java.base/java.util.concurrent.CompletableFuture.timedGet(CompletableFuture.java:2006)
	at java.base/java.util.concurrent.CompletableFuture.get(CompletableFuture.java:2141)
	at org.apache.kafka.common.internals.KafkaFutureImpl.get(KafkaFutureImpl.java:180)
	at org.springframework.kafka.core.KafkaAdmin.lambda$checkPartitions$11(KafkaAdmin.java:502)
	... 15 common frames omitted
2025-09-15 09:44:07.676 [                  ] [kafka-admin-client-thread | adminclient-1] INFO  o.apache.kafka.clients.NetworkClient - [AdminClient clientId=adminclient-1] Node -1 disconnected.
2025-09-15 09:44:07.676 [                  ] [kafka-admin-client-thread | adminclient-1] WARN  o.apache.kafka.clients.NetworkClient - [AdminClient clientId=adminclient-1] Connection to node -1 (localhost/127.0.0.1:9092) could not be established. Broker may not be available.
2025-09-15 09:44:08.581 [                  ] [kafka-admin-client-thread | adminclient-1] INFO  o.apache.kafka.clients.NetworkClient - [AdminClient clientId=adminclient-1] Node -1 disconnected.
2025-09-15 09:44:08.581 [                  ] [kafka-admin-client-thread | adminclient-1] WARN  o.apache.kafka.clients.NetworkClient - [AdminClient clientId=adminclient-1] Connection to node -1 (localhost/127.0.0.1:9092) could not be established. Broker may not be available.
2025-09-15 09:44:09.585 [                  ] [kafka-admin-client-thread | adminclient-1] INFO  o.apache.kafka.clients.NetworkClient - [AdminClient clientId=adminclient-1] Node -1 disconnected.
2025-09-15 09:44:09.585 [                  ] [kafka-admin-client-thread | adminclient-1] WARN  o.apache.kafka.clients.NetworkClient - [AdminClient clientId=adminclient-1] Connection to node -1 (localhost/127.0.0.1:9092) could not be established. Broker may not be available.
2025-09-15 09:44:10.593 [                  ] [kafka-admin-client-thread | adminclient-1] INFO  o.apache.kafka.clients.NetworkClient - [AdminClient clientId=adminclient-1] Node -1 disconnected.
2025-09-15 09:44:10.593 [                  ] [kafka-admin-client-thread | adminclient-1] WARN  o.apache.kafka.clients.NetworkClient - [AdminClient clientId=adminclient-1] Connection to node -1 (localhost/127.0.0.1:9092) could not be established. Broker may not be available.
2025-09-15 09:44:11.498 [                  ] [kafka-admin-client-thread | adminclient-1] INFO  o.apache.kafka.clients.NetworkClient - [AdminClient clientId=adminclient-1] Node -1 disconnected.
2025-09-15 09:44:11.498 [                  ] [kafka-admin-client-thread | adminclient-1] WARN  o.apache.kafka.clients.NetworkClient - [AdminClient clientId=adminclient-1] Connection to node -1 (localhost/127.0.0.1:9092) could not be established. Broker may not be available.
2025-09-15 09:44:12.403 [                  ] [kafka-admin-client-thread | adminclient-1] INFO  o.apache.kafka.clients.NetworkClient - [AdminClient clientId=adminclient-1] Node -1 disconnected.
2025-09-15 09:44:12.403 [                  ] [kafka-admin-client-thread | adminclient-1] WARN  o.apache.kafka.clients.NetworkClient - [AdminClient clientId=adminclient-1] Connection to node -1 (localhost/127.0.0.1:9092) could not be established. Broker may not be available.
2025-09-15 09:44:13.621 [                  ] [kafka-admin-client-thread | adminclient-1] INFO  o.apache.kafka.clients.NetworkClient - [AdminClient clientId=adminclient-1] Node -1 disconnected.
2025-09-15 09:44:13.621 [                  ] [kafka-admin-client-thread | adminclient-1] WARN  o.apache.kafka.clients.NetworkClient - [AdminClient clientId=adminclient-1] Connection to node -1 (localhost/127.0.0.1:9092) could not be established. Broker may not be available.
2025-09-15 09:44:14.728 [                  ] [kafka-admin-client-thread | adminclient-1] INFO  o.apache.kafka.clients.NetworkClient - [AdminClient clientId=adminclient-1] Node -1 disconnected.
2025-09-15 09:44:14.729 [                  ] [kafka-admin-client-thread | adminclient-1] WARN  o.apache.kafka.clients.NetworkClient - [AdminClient clientId=adminclient-1] Connection to node -1 (localhost/127.0.0.1:9092) could not be established. Broker may not be available.
2025-09-15 09:44:15.836 [                  ] [kafka-admin-client-thread | adminclient-1] INFO  o.apache.kafka.clients.NetworkClient - [AdminClient clientId=adminclient-1] Node -1 disconnected.
2025-09-15 09:44:15.836 [                  ] [kafka-admin-client-thread | adminclient-1] WARN  o.apache.kafka.clients.NetworkClient - [AdminClient clientId=adminclient-1] Connection to node -1 (localhost/127.0.0.1:9092) could not be established. Broker may not be available.
2025-09-15 09:44:17.045 [                  ] [kafka-admin-client-thread | adminclient-1] INFO  o.apache.kafka.clients.NetworkClient - [AdminClient clientId=adminclient-1] Node -1 disconnected.
2025-09-15 09:44:17.045 [                  ] [kafka-admin-client-thread | adminclient-1] WARN  o.apache.kafka.clients.NetworkClient - [AdminClient clientId=adminclient-1] Connection to node -1 (localhost/127.0.0.1:9092) could not be established. Broker may not be available.
2025-09-15 09:44:17.576 [                  ] [kafka-admin-client-thread | adminclient-1] INFO  o.a.k.clients.admin.KafkaAdminClient - [AdminClient clientId=adminclient-1] Forcing a hard I/O thread shutdown. Requests in progress will be aborted.
2025-09-15 09:44:17.577 [                  ] [kafka-admin-client-thread | adminclient-1] INFO  o.a.kafka.common.utils.AppInfoParser - App info kafka.admin.client for adminclient-1 unregistered
2025-09-15 09:44:17.577 [                  ] [kafka-admin-client-thread | adminclient-1] INFO  o.a.k.c.a.i.AdminMetadataManager - [AdminClient clientId=adminclient-1] Metadata update failed
org.apache.kafka.common.errors.TimeoutException: The AdminClient thread has exited. Call: fetchMetadata
2025-09-15 09:44:17.578 [                  ] [kafka-admin-client-thread | adminclient-1] INFO  o.a.k.clients.admin.KafkaAdminClient - [AdminClient clientId=adminclient-1] Timed out 2 remaining operation(s) during close.
2025-09-15 09:44:17.582 [                  ] [kafka-admin-client-thread | adminclient-1] INFO  o.a.kafka.common.metrics.Metrics - Metrics scheduler closed
2025-09-15 09:44:17.582 [                  ] [main] INFO  o.a.coyote.http11.Http11NioProtocol - Starting ProtocolHandler ["http-nio-8080"]
2025-09-15 09:44:17.582 [                  ] [kafka-admin-client-thread | adminclient-1] INFO  o.a.kafka.common.metrics.Metrics - Closing reporter org.apache.kafka.common.metrics.JmxReporter
2025-09-15 09:44:17.582 [                  ] [kafka-admin-client-thread | adminclient-1] INFO  o.a.kafka.common.metrics.Metrics - Metrics reporters closed
2025-09-15 09:44:17.599 [                  ] [main] INFO  o.s.b.w.e.tomcat.TomcatWebServer - Tomcat started on port 8080 (http) with context path ''
2025-09-15 09:44:17.605 [                  ] [main] INFO  c.u.c.CertificaufuApplication - Started CertificaufuApplication in 44.397 seconds (process running for 47.014)
2025-09-15 09:46:45.742 [                  ] [cluster-ClusterId{value='68c809f716d44270f04c1b92', description='null'}-localhost:27017] INFO  org.mongodb.driver.cluster - Monitor thread successfully connected to server with description ServerDescription{address=localhost:27017, type=STANDALONE, state=CONNECTED, ok=true, minWireVersion=0, maxWireVersion=25, maxDocumentSize=16777216, logicalSessionTimeoutMinutes=30, roundTripTimeNanos=46897200}
2025-09-15 09:50:29.013 [                  ] [http-nio-8080-exec-1] INFO  o.a.c.c.C.[Tomcat].[localhost].[/] - Initializing Spring DispatcherServlet 'dispatcherServlet'
2025-09-15 09:50:29.013 [                  ] [http-nio-8080-exec-1] INFO  o.s.web.servlet.DispatcherServlet - Initializing Servlet 'dispatcherServlet'
2025-09-15 09:50:29.016 [                  ] [http-nio-8080-exec-1] INFO  o.s.web.servlet.DispatcherServlet - Completed initialization in 2 ms
2025-09-15 09:50:31.351 [                  ] [http-nio-8080-exec-5] INFO  c.u.c.services.CertificateService - Fetching certificates for user: gustavo@mail.com
2025-09-15 09:50:31.396 [                  ] [http-nio-8080-exec-6] INFO  c.u.c.services.CertificateService - Fetching certificates for user: gustavo@mail.com
2025-09-15 09:50:44.751 [                  ] [http-nio-8080-exec-1] INFO  c.u.c.services.CertificateService - Fetching certificates for user: gustavo@mail.com
2025-09-15 09:50:44.770 [                  ] [http-nio-8080-exec-2] INFO  c.u.c.services.CertificateService - Fetching certificates for user: gustavo@mail.com
2025-09-15 09:50:46.360 [                  ] [http-nio-8080-exec-3] INFO  c.u.c.services.CertificateService - Fetching certificates for user: gustavo@mail.com
2025-09-15 09:50:46.376 [                  ] [http-nio-8080-exec-4] INFO  c.u.c.services.CertificateService - Fetching certificates for user: gustavo@mail.com
2025-09-15 09:50:48.414 [                  ] [http-nio-8080-exec-5] INFO  c.u.c.services.CertificateService - Fetching certificates for user: gustavo@mail.com
2025-09-15 09:50:48.429 [                  ] [http-nio-8080-exec-6] INFO  c.u.c.services.CertificateService - Fetching certificates for user: gustavo@mail.com
2025-09-15 09:51:00.295 [                  ] [http-nio-8080-exec-5] INFO  c.u.c.services.CertificateService - Request received to get all certificates.
2025-09-15 09:51:00.323 [                  ] [http-nio-8080-exec-6] INFO  c.u.c.services.CertificateService - Request received to get all certificates.
2025-09-15 09:52:20.768 [                  ] [http-nio-8080-exec-2] INFO  c.u.c.services.CertificateService - Request received to generate pre-signed URL for certificate ID: 68c5a4ade34f7252b4c6ea02
2025-09-15 09:52:20.769 [                  ] [http-nio-8080-exec-2] INFO  c.u.c.services.CertificateService - Request received to get certificate by ID: 68c5a4ade34f7252b4c6ea02
2025-09-15 09:52:22.346 [                  ] [http-nio-8080-exec-5] INFO  c.u.c.services.CertificateService - Request received to get certificate by ID: 68c5a4ade34f7252b4c6ea02
2025-09-15 09:52:22.431 [                  ] [http-nio-8080-exec-9] INFO  c.u.c.services.CertificateService - Request received to get all certificates.
2025-09-15 09:52:36.494 [                  ] [http-nio-8080-exec-4] INFO  c.u.c.services.CertificateService - Fetching certificates for user: gustavo@mail.com
2025-09-15 09:52:36.506 [                  ] [http-nio-8080-exec-5] INFO  c.u.c.services.CertificateService - Fetching certificates for user: gustavo@mail.com
2025-09-15 12:38:59.158 [                  ] [http-nio-8080-exec-5] INFO  c.u.c.services.CertificateService - Request received to get all certificates.
2025-09-15 12:38:59.182 [                  ] [http-nio-8080-exec-6] INFO  c.u.c.services.CertificateService - Request received to get all certificates.
2025-09-15 12:39:18.472 [                  ] [http-nio-8080-exec-8] INFO  c.u.c.services.CertificateService - Request received to get all certificates.
2025-09-15 12:39:18.494 [                  ] [http-nio-8080-exec-5] INFO  c.u.c.services.CertificateService - Request received to get all certificates.
2025-09-15 12:39:52.611 [                  ] [http-nio-8080-exec-7] INFO  c.u.c.services.CertificateService - Request received to get all certificates.
2025-09-15 12:39:52.629 [                  ] [http-nio-8080-exec-7] INFO  c.u.c.services.CertificateService - Request received to get all certificates.
2025-09-15 12:40:03.552 [                  ] [http-nio-8080-exec-1] INFO  c.u.c.services.CertificateService - Request received to get all certificates.
2025-09-15 12:40:03.566 [                  ] [http-nio-8080-exec-4] INFO  c.u.c.services.CertificateService - Request received to get all certificates.
2025-09-15 12:40:18.306 [                  ] [http-nio-8080-exec-2] INFO  c.u.c.services.CertificateService - Fetching certificates for user: gustavo@mail.com
2025-09-15 12:40:18.331 [                  ] [http-nio-8080-exec-6] INFO  c.u.c.services.CertificateService - Fetching certificates for user: gustavo@mail.com
2025-09-15 12:40:47.293 [                  ] [http-nio-8080-exec-1] INFO  c.u.c.services.CertificateService - Fetching certificates for user: gustavo@mail.com
2025-09-15 12:40:47.312 [                  ] [http-nio-8080-exec-3] INFO  c.u.c.services.CertificateService - Fetching certificates for user: gustavo@mail.com
2025-09-15 12:40:49.242 [                  ] [http-nio-8080-exec-4] INFO  c.u.c.services.CertificateService - Fetching certificates for user: gustavo@mail.com
2025-09-15 12:40:49.256 [                  ] [http-nio-8080-exec-10] INFO  c.u.c.services.CertificateService - Fetching certificates for user: gustavo@mail.com
2025-09-15 12:40:53.022 [                  ] [http-nio-8080-exec-5] INFO  c.u.c.services.CertificateService - Fetching certificates for user: gustavo@mail.com
2025-09-15 12:40:53.043 [                  ] [http-nio-8080-exec-2] INFO  c.u.c.services.CertificateService - Fetching certificates for user: gustavo@mail.com
2025-09-15 13:43:32.591 [                  ] [http-nio-8080-exec-1] INFO  c.u.c.services.CertificateService - Fetching certificates for user: gustavo@mail.com
2025-09-15 13:43:32.619 [                  ] [http-nio-8080-exec-1] INFO  c.u.c.services.CertificateService - Fetching certificates for user: gustavo@mail.com
2025-09-15 13:44:57.663 [                  ] [http-nio-8080-exec-9] INFO  c.u.c.services.CertificateService - Request received to get all certificates.
2025-09-15 13:44:57.684 [                  ] [http-nio-8080-exec-1] INFO  c.u.c.services.CertificateService - Request received to get all certificates.
2025-09-15 13:45:23.182 [                  ] [http-nio-8080-exec-6] INFO  c.u.c.services.CertificateService - Request received to get all certificates.
2025-09-15 13:45:23.199 [                  ] [http-nio-8080-exec-4] INFO  c.u.c.services.CertificateService - Request received to get all certificates.
2025-09-15 13:46:05.708 [                  ] [http-nio-8080-exec-9] INFO  c.u.c.services.CertificateService - Request received to get all certificates.
2025-09-15 13:46:05.725 [                  ] [http-nio-8080-exec-6] INFO  c.u.c.services.CertificateService - Request received to get all certificates.
2025-09-15 13:46:27.447 [                  ] [http-nio-8080-exec-6] INFO  c.u.c.services.CertificateService - Request received to get all certificates.
2025-09-15 13:46:27.463 [                  ] [http-nio-8080-exec-4] INFO  c.u.c.services.CertificateService - Request received to get all certificates.
2025-09-15 13:46:42.671 [                  ] [http-nio-8080-exec-2] INFO  c.u.c.services.CertificateService - Fetching certificates for user: gustavo@mail.com
2025-09-15 13:46:42.684 [                  ] [http-nio-8080-exec-1] INFO  c.u.c.services.CertificateService - Fetching certificates for user: gustavo@mail.com
2025-09-15 13:47:26.893 [                  ] [http-nio-8080-exec-6] INFO  c.u.c.services.CertificateService - Received request to create certificate 'Curso de Segurança' for user 'gustavo@mail.com'
2025-09-15 13:47:26.903 [                  ] [http-nio-8080-exec-6] INFO  c.u.c.services.CertificateService - File validation successful.
2025-09-15 13:47:26.904 [                  ] [http-nio-8080-exec-6] INFO  c.u.c.services.CertificateService - Uploading file to S3 storage...
2025-09-15 13:47:29.214 [                  ] [http-nio-8080-exec-6] INFO  c.u.c.services.CertificateService - File uploaded successfully. URL: https://easycomm-bucket.s3.us-east-1.amazonaws.com/8955d1a8-53c2-48f4-be47-4bab24716b57.pdf
2025-09-15 13:47:29.214 [                  ] [http-nio-8080-exec-6] INFO  c.u.c.services.CertificateService - Saving certificate metadata to the database...
2025-09-15 13:47:29.221 [                  ] [http-nio-8080-exec-6] INFO  c.u.c.services.CertificateService - Certificate metadata saved with ID: 68c8432116d44270f04c1b94
2025-09-15 13:47:29.239 [                  ] [http-nio-8080-exec-6] INFO  o.a.k.c.producer.ProducerConfig - ProducerConfig values: 
	acks = -1
	auto.include.jmx.reporter = true
	batch.size = 16384
	bootstrap.servers = [localhost:9092]
	buffer.memory = 33554432
	client.dns.lookup = use_all_dns_ips
	client.id = producer-1
	compression.type = none
	connections.max.idle.ms = 540000
	delivery.timeout.ms = 120000
	enable.idempotence = true
	interceptor.classes = []
	key.serializer = class org.apache.kafka.common.serialization.StringSerializer
	linger.ms = 0
	max.block.ms = 60000
	max.in.flight.requests.per.connection = 5
	max.request.size = 1048576
	metadata.max.age.ms = 300000
	metadata.max.idle.ms = 300000
	metric.reporters = []
	metrics.num.samples = 2
	metrics.recording.level = INFO
	metrics.sample.window.ms = 30000
	partitioner.adaptive.partitioning.enable = true
	partitioner.availability.timeout.ms = 0
	partitioner.class = null
	partitioner.ignore.keys = false
	receive.buffer.bytes = 32768
	reconnect.backoff.max.ms = 1000
	reconnect.backoff.ms = 50
	request.timeout.ms = 30000
	retries = 2147483647
	retry.backoff.ms = 100
	sasl.client.callback.handler.class = null
	sasl.jaas.config = null
	sasl.kerberos.kinit.cmd = /usr/bin/kinit
	sasl.kerberos.min.time.before.relogin = 60000
	sasl.kerberos.service.name = null
	sasl.kerberos.ticket.renew.jitter = 0.05
	sasl.kerberos.ticket.renew.window.factor = 0.8
	sasl.login.callback.handler.class = null
	sasl.login.class = null
	sasl.login.connect.timeout.ms = null
	sasl.login.read.timeout.ms = null
	sasl.login.refresh.buffer.seconds = 300
	sasl.login.refresh.min.period.seconds = 60
	sasl.login.refresh.window.factor = 0.8
	sasl.login.refresh.window.jitter = 0.05
	sasl.login.retry.backoff.max.ms = 10000
	sasl.login.retry.backoff.ms = 100
	sasl.mechanism = GSSAPI
	sasl.oauthbearer.clock.skew.seconds = 30
	sasl.oauthbearer.expected.audience = null
	sasl.oauthbearer.expected.issuer = null
	sasl.oauthbearer.jwks.endpoint.refresh.ms = 3600000
	sasl.oauthbearer.jwks.endpoint.retry.backoff.max.ms = 10000
	sasl.oauthbearer.jwks.endpoint.retry.backoff.ms = 100
	sasl.oauthbearer.jwks.endpoint.url = null
	sasl.oauthbearer.scope.claim.name = scope
	sasl.oauthbearer.sub.claim.name = sub
	sasl.oauthbearer.token.endpoint.url = null
	security.protocol = PLAINTEXT
	security.providers = null
	send.buffer.bytes = 131072
	socket.connection.setup.timeout.max.ms = 30000
	socket.connection.setup.timeout.ms = 10000
	ssl.cipher.suites = null
	ssl.enabled.protocols = [TLSv1.2, TLSv1.3]
	ssl.endpoint.identification.algorithm = https
	ssl.engine.factory.class = null
	ssl.key.password = null
	ssl.keymanager.algorithm = SunX509
	ssl.keystore.certificate.chain = null
	ssl.keystore.key = null
	ssl.keystore.location = null
	ssl.keystore.password = null
	ssl.keystore.type = JKS
	ssl.protocol = TLSv1.3
	ssl.provider = null
	ssl.secure.random.implementation = null
	ssl.trustmanager.algorithm = PKIX
	ssl.truststore.certificates = null
	ssl.truststore.location = null
	ssl.truststore.password = null
	ssl.truststore.type = JKS
	transaction.timeout.ms = 60000
	transactional.id = null
	value.serializer = class org.springframework.kafka.support.serializer.JsonSerializer

2025-09-15 13:47:29.256 [                  ] [http-nio-8080-exec-6] INFO  o.a.k.clients.producer.KafkaProducer - [Producer clientId=producer-1] Instantiated an idempotent producer.
2025-09-15 13:47:29.276 [                  ] [http-nio-8080-exec-6] INFO  o.a.kafka.common.utils.AppInfoParser - Kafka version: 3.6.2
2025-09-15 13:47:29.277 [                  ] [http-nio-8080-exec-6] INFO  o.a.kafka.common.utils.AppInfoParser - Kafka commitId: c4deed513057c94e
2025-09-15 13:47:29.277 [                  ] [http-nio-8080-exec-6] INFO  o.a.kafka.common.utils.AppInfoParser - Kafka startTimeMs: 1757954849276
2025-09-15 13:47:29.772 [                  ] [kafka-producer-network-thread | producer-1] INFO  org.apache.kafka.clients.Metadata - [Producer clientId=producer-1] Cluster ID: q7BLmYtDSuCDl1Yb206eiQ
2025-09-15 13:47:29.786 [                  ] [http-nio-8080-exec-6] INFO  c.u.c.services.CertificateService - Message successfully sent to Kafka.
2025-09-15 13:47:30.354 [                  ] [kafka-producer-network-thread | producer-1] INFO  o.a.k.c.p.i.TransactionManager - [Producer clientId=producer-1] ProducerId set to 4000 with epoch 0
2025-09-15 13:47:30.757 [                  ] [http-nio-8080-exec-8] INFO  c.u.c.services.CertificateService - Fetching certificates for user: gustavo@mail.com
2025-09-15 13:47:30.774 [                  ] [http-nio-8080-exec-3] INFO  c.u.c.services.CertificateService - Fetching certificates for user: gustavo@mail.com
2025-09-15 13:47:40.525 [                  ] [http-nio-8080-exec-1] INFO  c.u.c.services.CertificateService - Fetching certificates for user: gustavo@mail.com
2025-09-15 13:47:40.538 [                  ] [http-nio-8080-exec-9] INFO  c.u.c.services.CertificateService - Fetching certificates for user: gustavo@mail.com
2025-09-15 13:47:41.942 [                  ] [http-nio-8080-exec-10] INFO  c.u.c.services.CertificateService - Fetching certificates for user: gustavo@mail.com
2025-09-15 13:47:41.956 [                  ] [http-nio-8080-exec-6] INFO  c.u.c.services.CertificateService - Fetching certificates for user: gustavo@mail.com
2025-09-15 13:47:50.526 [                  ] [http-nio-8080-exec-8] INFO  c.u.c.services.CertificateService - Fetching certificates for user: gustavo@mail.com
2025-09-15 13:47:50.538 [                  ] [http-nio-8080-exec-3] INFO  c.u.c.services.CertificateService - Fetching certificates for user: gustavo@mail.com
2025-09-15 13:48:09.776 [                  ] [http-nio-8080-exec-8] INFO  c.u.c.services.CertificateService - Fetching certificates for user: gustavo@mail.com
2025-09-15 13:48:09.797 [                  ] [http-nio-8080-exec-3] INFO  c.u.c.services.CertificateService - Fetching certificates for user: gustavo@mail.com
2025-09-15 13:48:23.828 [                  ] [http-nio-8080-exec-7] INFO  c.u.c.services.CertificateService - Request received to get all certificates.
2025-09-15 13:48:23.842 [                  ] [http-nio-8080-exec-8] INFO  c.u.c.services.CertificateService - Request received to get all certificates.
2025-09-15 13:48:28.332 [                  ] [http-nio-8080-exec-5] INFO  c.u.c.services.CertificateService - Request received to generate pre-signed URL for certificate ID: 68c8432116d44270f04c1b94
2025-09-15 13:48:28.332 [                  ] [http-nio-8080-exec-5] INFO  c.u.c.services.CertificateService - Request received to get certificate by ID: 68c8432116d44270f04c1b94
2025-09-15 13:48:56.142 [                  ] [http-nio-8080-exec-1] INFO  c.u.c.services.CertificateService - Request received to get certificate by ID: 68c8432116d44270f04c1b94
2025-09-15 13:48:56.166 [                  ] [http-nio-8080-exec-10] INFO  c.u.c.services.CertificateService - Request received to get all certificates.
2025-09-15 13:49:07.055 [                  ] [http-nio-8080-exec-5] INFO  c.u.c.services.CertificateService - Fetching certificates for user: gustavo@mail.com
2025-09-15 13:49:07.066 [                  ] [http-nio-8080-exec-2] INFO  c.u.c.services.CertificateService - Fetching certificates for user: gustavo@mail.com
2025-09-15 13:49:14.863 [                  ] [http-nio-8080-exec-6] INFO  c.u.c.services.CertificateService - Fetching certificates for user: gustavo@mail.com
2025-09-15 13:49:14.875 [                  ] [http-nio-8080-exec-10] INFO  c.u.c.services.CertificateService - Fetching certificates for user: gustavo@mail.com
2025-09-15 13:49:17.772 [                  ] [http-nio-8080-exec-7] INFO  c.u.c.services.CertificateService - Fetching certificates for user: gustavo@mail.com
2025-09-15 13:49:17.785 [                  ] [http-nio-8080-exec-4] INFO  c.u.c.services.CertificateService - Fetching certificates for user: gustavo@mail.com
2025-09-15 13:49:20.123 [                  ] [http-nio-8080-exec-6] INFO  c.u.c.services.CertificateService - Fetching certificates for user: gustavo@mail.com
2025-09-15 13:49:20.135 [                  ] [http-nio-8080-exec-10] INFO  c.u.c.services.CertificateService - Fetching certificates for user: gustavo@mail.com
2025-09-15 13:56:59.778 [                  ] [kafka-producer-network-thread | producer-1] INFO  o.apache.kafka.clients.NetworkClient - [Producer clientId=producer-1] Node -1 disconnected.
2025-09-15 14:21:50.078 [                  ] [kafka-producer-network-thread | producer-1] INFO  o.apache.kafka.clients.NetworkClient - [Producer clientId=producer-1] Node 1001 disconnected.
2025-09-15 19:09:57.635 [                  ] [kafka-producer-network-thread | producer-1] INFO  o.apache.kafka.clients.NetworkClient - [Producer clientId=producer-1] Node 1001 disconnected.
2025-09-15 19:13:08.694 [                  ] [http-nio-8080-exec-5] ERROR o.a.c.c.C.[.[.[.[dispatcherServlet] - Servlet.service() for servlet [dispatcherServlet] in context with path [] threw exception
java.lang.NullPointerException: Cannot invoke "org.springframework.security.core.userdetails.UserDetails.getAuthorities()" because "userDetails" is null
	at com.ufu_solutions.certifica_ufu_api.security.SecurityFilter.doFilterInternal(SecurityFilter.java:32)
	at org.springframework.web.filter.OncePerRequestFilter.doFilter(OncePerRequestFilter.java:116)
	at org.springframework.security.web.FilterChainProxy$VirtualFilterChain.doFilter(FilterChainProxy.java:374)
	at org.springframework.security.web.authentication.logout.LogoutFilter.doFilter(LogoutFilter.java:107)
	at org.springframework.security.web.authentication.logout.LogoutFilter.doFilter(LogoutFilter.java:93)
	at org.springframework.security.web.FilterChainProxy$VirtualFilterChain.doFilter(FilterChainProxy.java:374)
	at org.springframework.web.filter.CorsFilter.doFilterInternal(CorsFilter.java:91)
	at org.springframework.web.filter.OncePerRequestFilter.doFilter(OncePerRequestFilter.java:116)
	at org.springframework.security.web.FilterChainProxy$VirtualFilterChain.doFilter(FilterChainProxy.java:374)
	at org.springframework.security.web.header.HeaderWriterFilter.doHeadersAfter(HeaderWriterFilter.java:90)
	at org.springframework.security.web.header.HeaderWriterFilter.doFilterInternal(HeaderWriterFilter.java:75)
	at org.springframework.web.filter.OncePerRequestFilter.doFilter(OncePerRequestFilter.java:116)
	at org.springframework.security.web.FilterChainProxy$VirtualFilterChain.doFilter(FilterChainProxy.java:374)
	at org.springframework.security.web.context.SecurityContextHolderFilter.doFilter(SecurityContextHolderFilter.java:82)
	at org.springframework.security.web.context.SecurityContextHolderFilter.doFilter(SecurityContextHolderFilter.java:69)
	at org.springframework.security.web.FilterChainProxy$VirtualFilterChain.doFilter(FilterChainProxy.java:374)
	at org.springframework.security.web.context.request.async.WebAsyncManagerIntegrationFilter.doFilterInternal(WebAsyncManagerIntegrationFilter.java:62)
	at org.springframework.web.filter.OncePerRequestFilter.doFilter(OncePerRequestFilter.java:116)
	at org.springframework.security.web.FilterChainProxy$VirtualFilterChain.doFilter(FilterChainProxy.java:374)
	at org.springframework.security.web.session.DisableEncodeUrlFilter.doFilterInternal(DisableEncodeUrlFilter.java:42)
	at org.springframework.web.filter.OncePerRequestFilter.doFilter(OncePerRequestFilter.java:116)
	at org.springframework.security.web.FilterChainProxy$VirtualFilterChain.doFilter(FilterChainProxy.java:374)
	at org.springframework.security.web.FilterChainProxy.doFilterInternal(FilterChainProxy.java:233)
	at org.springframework.security.web.FilterChainProxy.doFilter(FilterChainProxy.java:191)
	at org.springframework.web.filter.CompositeFilter$VirtualFilterChain.doFilter(CompositeFilter.java:113)
	at org.springframework.web.servlet.handler.HandlerMappingIntrospector.lambda$createCacheFilter$3(HandlerMappingIntrospector.java:195)
	at org.springframework.web.filter.CompositeFilter$VirtualFilterChain.doFilter(CompositeFilter.java:113)
	at org.springframework.web.filter.CompositeFilter.doFilter(CompositeFilter.java:74)
	at org.springframework.security.config.annotation.web.configuration.WebMvcSecurityConfiguration$CompositeFilterChainProxy.doFilter(WebMvcSecurityConfiguration.java:230)
	at org.springframework.web.filter.DelegatingFilterProxy.invokeDelegate(DelegatingFilterProxy.java:352)
	at org.springframework.web.filter.DelegatingFilterProxy.doFilter(DelegatingFilterProxy.java:268)
	at org.apache.catalina.core.ApplicationFilterChain.internalDoFilter(ApplicationFilterChain.java:175)
	at org.apache.catalina.core.ApplicationFilterChain.doFilter(ApplicationFilterChain.java:150)
	at org.springframework.web.filter.RequestContextFilter.doFilterInternal(RequestContextFilter.java:100)
	at org.springframework.web.filter.OncePerRequestFilter.doFilter(OncePerRequestFilter.java:116)
	at org.apache.catalina.core.ApplicationFilterChain.internalDoFilter(ApplicationFilterChain.java:175)
	at org.apache.catalina.core.ApplicationFilterChain.doFilter(ApplicationFilterChain.java:150)
	at org.springframework.web.filter.FormContentFilter.doFilterInternal(FormContentFilter.java:93)
	at org.springframework.web.filter.OncePerRequestFilter.doFilter(OncePerRequestFilter.java:116)
	at org.apache.catalina.core.ApplicationFilterChain.internalDoFilter(ApplicationFilterChain.java:175)
	at org.apache.catalina.core.ApplicationFilterChain.doFilter(ApplicationFilterChain.java:150)
	at org.springframework.web.filter.CharacterEncodingFilter.doFilterInternal(CharacterEncodingFilter.java:201)
	at org.springframework.web.filter.OncePerRequestFilter.doFilter(OncePerRequestFilter.java:116)
	at org.apache.catalina.core.ApplicationFilterChain.internalDoFilter(ApplicationFilterChain.java:175)
	at org.apache.catalina.core.ApplicationFilterChain.doFilter(ApplicationFilterChain.java:150)
	at org.apache.catalina.core.StandardWrapperValve.invoke(StandardWrapperValve.java:167)
	at org.apache.catalina.core.StandardContextValve.invoke(StandardContextValve.java:90)
	at org.apache.catalina.authenticator.AuthenticatorBase.invoke(AuthenticatorBase.java:482)
	at org.apache.catalina.core.StandardHostValve.invoke(StandardHostValve.java:115)
	at org.apache.catalina.valves.ErrorReportValve.invoke(ErrorReportValve.java:93)
	at org.apache.catalina.core.StandardEngineValve.invoke(StandardEngineValve.java:74)
	at org.apache.catalina.connector.CoyoteAdapter.service(CoyoteAdapter.java:344)
	at org.apache.coyote.http11.Http11Processor.service(Http11Processor.java:391)
	at org.apache.coyote.AbstractProcessorLight.process(AbstractProcessorLight.java:63)
	at org.apache.coyote.AbstractProtocol$ConnectionHandler.process(AbstractProtocol.java:896)
	at org.apache.tomcat.util.net.NioEndpoint$SocketProcessor.doRun(NioEndpoint.java:1736)
	at org.apache.tomcat.util.net.SocketProcessorBase.run(SocketProcessorBase.java:52)
	at org.apache.tomcat.util.threads.ThreadPoolExecutor.runWorker(ThreadPoolExecutor.java:1191)
	at org.apache.tomcat.util.threads.ThreadPoolExecutor$Worker.run(ThreadPoolExecutor.java:659)
	at org.apache.tomcat.util.threads.TaskThread$WrappingRunnable.run(TaskThread.java:63)
	at java.base/java.lang.Thread.run(Thread.java:1447)
2025-09-15 19:13:20.132 [                  ] [http-nio-8080-exec-1] ERROR o.a.c.c.C.[.[.[.[dispatcherServlet] - Servlet.service() for servlet [dispatcherServlet] in context with path [] threw exception
java.lang.NullPointerException: Cannot invoke "org.springframework.security.core.userdetails.UserDetails.getAuthorities()" because "userDetails" is null
	at com.ufu_solutions.certifica_ufu_api.security.SecurityFilter.doFilterInternal(SecurityFilter.java:32)
	at org.springframework.web.filter.OncePerRequestFilter.doFilter(OncePerRequestFilter.java:116)
	at org.springframework.security.web.FilterChainProxy$VirtualFilterChain.doFilter(FilterChainProxy.java:374)
	at org.springframework.security.web.authentication.logout.LogoutFilter.doFilter(LogoutFilter.java:107)
	at org.springframework.security.web.authentication.logout.LogoutFilter.doFilter(LogoutFilter.java:93)
	at org.springframework.security.web.FilterChainProxy$VirtualFilterChain.doFilter(FilterChainProxy.java:374)
	at org.springframework.web.filter.CorsFilter.doFilterInternal(CorsFilter.java:91)
	at org.springframework.web.filter.OncePerRequestFilter.doFilter(OncePerRequestFilter.java:116)
	at org.springframework.security.web.FilterChainProxy$VirtualFilterChain.doFilter(FilterChainProxy.java:374)
	at org.springframework.security.web.header.HeaderWriterFilter.doHeadersAfter(HeaderWriterFilter.java:90)
	at org.springframework.security.web.header.HeaderWriterFilter.doFilterInternal(HeaderWriterFilter.java:75)
	at org.springframework.web.filter.OncePerRequestFilter.doFilter(OncePerRequestFilter.java:116)
	at org.springframework.security.web.FilterChainProxy$VirtualFilterChain.doFilter(FilterChainProxy.java:374)
	at org.springframework.security.web.context.SecurityContextHolderFilter.doFilter(SecurityContextHolderFilter.java:82)
	at org.springframework.security.web.context.SecurityContextHolderFilter.doFilter(SecurityContextHolderFilter.java:69)
	at org.springframework.security.web.FilterChainProxy$VirtualFilterChain.doFilter(FilterChainProxy.java:374)
	at org.springframework.security.web.context.request.async.WebAsyncManagerIntegrationFilter.doFilterInternal(WebAsyncManagerIntegrationFilter.java:62)
	at org.springframework.web.filter.OncePerRequestFilter.doFilter(OncePerRequestFilter.java:116)
	at org.springframework.security.web.FilterChainProxy$VirtualFilterChain.doFilter(FilterChainProxy.java:374)
	at org.springframework.security.web.session.DisableEncodeUrlFilter.doFilterInternal(DisableEncodeUrlFilter.java:42)
	at org.springframework.web.filter.OncePerRequestFilter.doFilter(OncePerRequestFilter.java:116)
	at org.springframework.security.web.FilterChainProxy$VirtualFilterChain.doFilter(FilterChainProxy.java:374)
	at org.springframework.security.web.FilterChainProxy.doFilterInternal(FilterChainProxy.java:233)
	at org.springframework.security.web.FilterChainProxy.doFilter(FilterChainProxy.java:191)
	at org.springframework.web.filter.CompositeFilter$VirtualFilterChain.doFilter(CompositeFilter.java:113)
	at org.springframework.web.servlet.handler.HandlerMappingIntrospector.lambda$createCacheFilter$3(HandlerMappingIntrospector.java:195)
	at org.springframework.web.filter.CompositeFilter$VirtualFilterChain.doFilter(CompositeFilter.java:113)
	at org.springframework.web.filter.CompositeFilter.doFilter(CompositeFilter.java:74)
	at org.springframework.security.config.annotation.web.configuration.WebMvcSecurityConfiguration$CompositeFilterChainProxy.doFilter(WebMvcSecurityConfiguration.java:230)
	at org.springframework.web.filter.DelegatingFilterProxy.invokeDelegate(DelegatingFilterProxy.java:352)
	at org.springframework.web.filter.DelegatingFilterProxy.doFilter(DelegatingFilterProxy.java:268)
	at org.apache.catalina.core.ApplicationFilterChain.internalDoFilter(ApplicationFilterChain.java:175)
	at org.apache.catalina.core.ApplicationFilterChain.doFilter(ApplicationFilterChain.java:150)
	at org.springframework.web.filter.RequestContextFilter.doFilterInternal(RequestContextFilter.java:100)
	at org.springframework.web.filter.OncePerRequestFilter.doFilter(OncePerRequestFilter.java:116)
	at org.apache.catalina.core.ApplicationFilterChain.internalDoFilter(ApplicationFilterChain.java:175)
	at org.apache.catalina.core.ApplicationFilterChain.doFilter(ApplicationFilterChain.java:150)
	at org.springframework.web.filter.FormContentFilter.doFilterInternal(FormContentFilter.java:93)
	at org.springframework.web.filter.OncePerRequestFilter.doFilter(OncePerRequestFilter.java:116)
	at org.apache.catalina.core.ApplicationFilterChain.internalDoFilter(ApplicationFilterChain.java:175)
	at org.apache.catalina.core.ApplicationFilterChain.doFilter(ApplicationFilterChain.java:150)
	at org.springframework.web.filter.CharacterEncodingFilter.doFilterInternal(CharacterEncodingFilter.java:201)
	at org.springframework.web.filter.OncePerRequestFilter.doFilter(OncePerRequestFilter.java:116)
	at org.apache.catalina.core.ApplicationFilterChain.internalDoFilter(ApplicationFilterChain.java:175)
	at org.apache.catalina.core.ApplicationFilterChain.doFilter(ApplicationFilterChain.java:150)
	at org.apache.catalina.core.StandardWrapperValve.invoke(StandardWrapperValve.java:167)
	at org.apache.catalina.core.StandardContextValve.invoke(StandardContextValve.java:90)
	at org.apache.catalina.authenticator.AuthenticatorBase.invoke(AuthenticatorBase.java:482)
	at org.apache.catalina.core.StandardHostValve.invoke(StandardHostValve.java:115)
	at org.apache.catalina.valves.ErrorReportValve.invoke(ErrorReportValve.java:93)
	at org.apache.catalina.core.StandardEngineValve.invoke(StandardEngineValve.java:74)
	at org.apache.catalina.connector.CoyoteAdapter.service(CoyoteAdapter.java:344)
	at org.apache.coyote.http11.Http11Processor.service(Http11Processor.java:391)
	at org.apache.coyote.AbstractProcessorLight.process(AbstractProcessorLight.java:63)
	at org.apache.coyote.AbstractProtocol$ConnectionHandler.process(AbstractProtocol.java:896)
	at org.apache.tomcat.util.net.NioEndpoint$SocketProcessor.doRun(NioEndpoint.java:1736)
	at org.apache.tomcat.util.net.SocketProcessorBase.run(SocketProcessorBase.java:52)
	at org.apache.tomcat.util.threads.ThreadPoolExecutor.runWorker(ThreadPoolExecutor.java:1191)
	at org.apache.tomcat.util.threads.ThreadPoolExecutor$Worker.run(ThreadPoolExecutor.java:659)
	at org.apache.tomcat.util.threads.TaskThread$WrappingRunnable.run(TaskThread.java:63)
	at java.base/java.lang.Thread.run(Thread.java:1447)
2025-09-15 19:13:20.147 [                  ] [http-nio-8080-exec-6] ERROR o.a.c.c.C.[.[.[.[dispatcherServlet] - Servlet.service() for servlet [dispatcherServlet] in context with path [] threw exception
java.lang.NullPointerException: Cannot invoke "org.springframework.security.core.userdetails.UserDetails.getAuthorities()" because "userDetails" is null
	at com.ufu_solutions.certifica_ufu_api.security.SecurityFilter.doFilterInternal(SecurityFilter.java:32)
	at org.springframework.web.filter.OncePerRequestFilter.doFilter(OncePerRequestFilter.java:116)
	at org.springframework.security.web.FilterChainProxy$VirtualFilterChain.doFilter(FilterChainProxy.java:374)
	at org.springframework.security.web.authentication.logout.LogoutFilter.doFilter(LogoutFilter.java:107)
	at org.springframework.security.web.authentication.logout.LogoutFilter.doFilter(LogoutFilter.java:93)
	at org.springframework.security.web.FilterChainProxy$VirtualFilterChain.doFilter(FilterChainProxy.java:374)
	at org.springframework.web.filter.CorsFilter.doFilterInternal(CorsFilter.java:91)
	at org.springframework.web.filter.OncePerRequestFilter.doFilter(OncePerRequestFilter.java:116)
	at org.springframework.security.web.FilterChainProxy$VirtualFilterChain.doFilter(FilterChainProxy.java:374)
	at org.springframework.security.web.header.HeaderWriterFilter.doHeadersAfter(HeaderWriterFilter.java:90)
	at org.springframework.security.web.header.HeaderWriterFilter.doFilterInternal(HeaderWriterFilter.java:75)
	at org.springframework.web.filter.OncePerRequestFilter.doFilter(OncePerRequestFilter.java:116)
	at org.springframework.security.web.FilterChainProxy$VirtualFilterChain.doFilter(FilterChainProxy.java:374)
	at org.springframework.security.web.context.SecurityContextHolderFilter.doFilter(SecurityContextHolderFilter.java:82)
	at org.springframework.security.web.context.SecurityContextHolderFilter.doFilter(SecurityContextHolderFilter.java:69)
	at org.springframework.security.web.FilterChainProxy$VirtualFilterChain.doFilter(FilterChainProxy.java:374)
	at org.springframework.security.web.context.request.async.WebAsyncManagerIntegrationFilter.doFilterInternal(WebAsyncManagerIntegrationFilter.java:62)
	at org.springframework.web.filter.OncePerRequestFilter.doFilter(OncePerRequestFilter.java:116)
	at org.springframework.security.web.FilterChainProxy$VirtualFilterChain.doFilter(FilterChainProxy.java:374)
	at org.springframework.security.web.session.DisableEncodeUrlFilter.doFilterInternal(DisableEncodeUrlFilter.java:42)
	at org.springframework.web.filter.OncePerRequestFilter.doFilter(OncePerRequestFilter.java:116)
	at org.springframework.security.web.FilterChainProxy$VirtualFilterChain.doFilter(FilterChainProxy.java:374)
	at org.springframework.security.web.FilterChainProxy.doFilterInternal(FilterChainProxy.java:233)
	at org.springframework.security.web.FilterChainProxy.doFilter(FilterChainProxy.java:191)
	at org.springframework.web.filter.CompositeFilter$VirtualFilterChain.doFilter(CompositeFilter.java:113)
	at org.springframework.web.servlet.handler.HandlerMappingIntrospector.lambda$createCacheFilter$3(HandlerMappingIntrospector.java:195)
	at org.springframework.web.filter.CompositeFilter$VirtualFilterChain.doFilter(CompositeFilter.java:113)
	at org.springframework.web.filter.CompositeFilter.doFilter(CompositeFilter.java:74)
	at org.springframework.security.config.annotation.web.configuration.WebMvcSecurityConfiguration$CompositeFilterChainProxy.doFilter(WebMvcSecurityConfiguration.java:230)
	at org.springframework.web.filter.DelegatingFilterProxy.invokeDelegate(DelegatingFilterProxy.java:352)
	at org.springframework.web.filter.DelegatingFilterProxy.doFilter(DelegatingFilterProxy.java:268)
	at org.apache.catalina.core.ApplicationFilterChain.internalDoFilter(ApplicationFilterChain.java:175)
	at org.apache.catalina.core.ApplicationFilterChain.doFilter(ApplicationFilterChain.java:150)
	at org.springframework.web.filter.RequestContextFilter.doFilterInternal(RequestContextFilter.java:100)
	at org.springframework.web.filter.OncePerRequestFilter.doFilter(OncePerRequestFilter.java:116)
	at org.apache.catalina.core.ApplicationFilterChain.internalDoFilter(ApplicationFilterChain.java:175)
	at org.apache.catalina.core.ApplicationFilterChain.doFilter(ApplicationFilterChain.java:150)
	at org.springframework.web.filter.FormContentFilter.doFilterInternal(FormContentFilter.java:93)
	at org.springframework.web.filter.OncePerRequestFilter.doFilter(OncePerRequestFilter.java:116)
	at org.apache.catalina.core.ApplicationFilterChain.internalDoFilter(ApplicationFilterChain.java:175)
	at org.apache.catalina.core.ApplicationFilterChain.doFilter(ApplicationFilterChain.java:150)
	at org.springframework.web.filter.CharacterEncodingFilter.doFilterInternal(CharacterEncodingFilter.java:201)
	at org.springframework.web.filter.OncePerRequestFilter.doFilter(OncePerRequestFilter.java:116)
	at org.apache.catalina.core.ApplicationFilterChain.internalDoFilter(ApplicationFilterChain.java:175)
	at org.apache.catalina.core.ApplicationFilterChain.doFilter(ApplicationFilterChain.java:150)
	at org.apache.catalina.core.StandardWrapperValve.invoke(StandardWrapperValve.java:167)
	at org.apache.catalina.core.StandardContextValve.invoke(StandardContextValve.java:90)
	at org.apache.catalina.authenticator.AuthenticatorBase.invoke(AuthenticatorBase.java:482)
	at org.apache.catalina.core.StandardHostValve.invoke(StandardHostValve.java:115)
	at org.apache.catalina.valves.ErrorReportValve.invoke(ErrorReportValve.java:93)
	at org.apache.catalina.core.StandardEngineValve.invoke(StandardEngineValve.java:74)
	at org.apache.catalina.connector.CoyoteAdapter.service(CoyoteAdapter.java:344)
	at org.apache.coyote.http11.Http11Processor.service(Http11Processor.java:391)
	at org.apache.coyote.AbstractProcessorLight.process(AbstractProcessorLight.java:63)
	at org.apache.coyote.AbstractProtocol$ConnectionHandler.process(AbstractProtocol.java:896)
	at org.apache.tomcat.util.net.NioEndpoint$SocketProcessor.doRun(NioEndpoint.java:1736)
	at org.apache.tomcat.util.net.SocketProcessorBase.run(SocketProcessorBase.java:52)
	at org.apache.tomcat.util.threads.ThreadPoolExecutor.runWorker(ThreadPoolExecutor.java:1191)
	at org.apache.tomcat.util.threads.ThreadPoolExecutor$Worker.run(ThreadPoolExecutor.java:659)
	at org.apache.tomcat.util.threads.TaskThread$WrappingRunnable.run(TaskThread.java:63)
	at java.base/java.lang.Thread.run(Thread.java:1447)
2025-09-15 19:13:32.502 [                  ] [http-nio-8080-exec-9] INFO  c.u.c.services.CertificateService - Request received to get all certificates.
2025-09-15 19:13:32.528 [                  ] [http-nio-8080-exec-6] INFO  c.u.c.services.CertificateService - Request received to get all certificates.
2025-09-15 19:14:07.124 [                  ] [http-nio-8080-exec-6] INFO  c.u.c.services.CertificateService - Request received to get all certificates.
2025-09-15 19:14:07.142 [                  ] [http-nio-8080-exec-10] INFO  c.u.c.services.CertificateService - Request received to get all certificates.
2025-09-15 19:14:20.106 [                  ] [http-nio-8080-exec-9] INFO  c.u.c.services.CertificateService - Fetching certificates for user: gustavo@mail.com
2025-09-15 19:14:20.128 [                  ] [http-nio-8080-exec-1] INFO  c.u.c.services.CertificateService - Fetching certificates for user: gustavo@mail.com
2025-09-15 19:14:35.575 [                  ] [http-nio-8080-exec-5] INFO  c.u.c.services.CertificateService - Fetching certificates for user: gustavo@mail.com
2025-09-15 19:14:35.600 [                  ] [http-nio-8080-exec-9] INFO  c.u.c.services.CertificateService - Fetching certificates for user: gustavo@mail.com
2025-09-15 19:14:43.405 [                  ] [http-nio-8080-exec-4] INFO  c.u.c.services.CertificateService - Request received to get all certificates.
2025-09-15 19:14:43.426 [                  ] [http-nio-8080-exec-5] INFO  c.u.c.services.CertificateService - Request received to get all certificates.
2025-09-15 19:14:51.043 [                  ] [http-nio-8080-exec-8] INFO  c.u.c.services.CertificateService - Request received to get all certificates.
2025-09-15 19:14:51.060 [                  ] [http-nio-8080-exec-1] INFO  c.u.c.services.CertificateService - Request received to get all certificates.
2025-09-15 19:15:01.045 [                  ] [http-nio-8080-exec-10] INFO  c.u.c.services.CertificateService - Fetching certificates for user: gustavo@mail.com
2025-09-15 19:15:01.061 [                  ] [http-nio-8080-exec-4] INFO  c.u.c.services.CertificateService - Fetching certificates for user: gustavo@mail.com
2025-09-15 19:15:39.347 [                  ] [http-nio-8080-exec-2] INFO  c.u.c.services.CertificateService - Received request to create certificate 'Certificado Seg Info' for user 'gustavo@mail.com'
2025-09-15 19:15:39.356 [                  ] [http-nio-8080-exec-2] INFO  c.u.c.services.CertificateService - File validation successful.
2025-09-15 19:15:39.356 [                  ] [http-nio-8080-exec-2] INFO  c.u.c.services.CertificateService - Uploading file to S3 storage...
2025-09-15 19:15:39.877 [                  ] [http-nio-8080-exec-2] ERROR o.a.c.c.C.[.[.[.[dispatcherServlet] - Servlet.service() for servlet [dispatcherServlet] in context with path [] threw exception [Request processing failed: software.amazon.awssdk.core.exception.SdkClientException: Received an UnknownHostException when attempting to interact with a service. See cause for the exact endpoint that is failing to resolve. If this is happening on an endpoint that previously worked, there may be a network connectivity issue or your DNS cache could be storing endpoints for too long.] with root cause
java.net.UnknownHostException: easycomm-bucket.s3.amazonaws.com
	at java.base/java.net.InetAddress$CachedLookup.get(InetAddress.java:905)
	at java.base/java.net.InetAddress.getAllByName0(InetAddress.java:1687)
	at java.base/java.net.InetAddress.getAllByName(InetAddress.java:1568)
	at org.apache.http.impl.conn.SystemDefaultDnsResolver.resolve(SystemDefaultDnsResolver.java:45)
	at org.apache.http.impl.conn.DefaultHttpClientConnectionOperator.connect(DefaultHttpClientConnectionOperator.java:112)
	at org.apache.http.impl.conn.PoolingHttpClientConnectionManager.connect(PoolingHttpClientConnectionManager.java:376)
	at software.amazon.awssdk.http.apache.internal.conn.ClientConnectionManagerFactory$DelegatingHttpClientConnectionManager.connect(ClientConnectionManagerFactory.java:86)
	at org.apache.http.impl.execchain.MainClientExec.establishRoute(MainClientExec.java:393)
	at org.apache.http.impl.execchain.MainClientExec.execute(MainClientExec.java:236)
	at org.apache.http.impl.execchain.ProtocolExec.execute(ProtocolExec.java:186)
	at org.apache.http.impl.client.InternalHttpClient.doExecute(InternalHttpClient.java:185)
	at org.apache.http.impl.client.CloseableHttpClient.execute(CloseableHttpClient.java:83)
	at org.apache.http.impl.client.CloseableHttpClient.execute(CloseableHttpClient.java:56)
	at software.amazon.awssdk.http.apache.internal.impl.ApacheSdkHttpClient.execute(ApacheSdkHttpClient.java:72)
	at software.amazon.awssdk.http.apache.ApacheHttpClient.execute(ApacheHttpClient.java:254)
	at software.amazon.awssdk.http.apache.ApacheHttpClient.access$500(ApacheHttpClient.java:104)
	at software.amazon.awssdk.http.apache.ApacheHttpClient$1.call(ApacheHttpClient.java:231)
	at software.amazon.awssdk.http.apache.ApacheHttpClient$1.call(ApacheHttpClient.java:228)
	at software.amazon.awssdk.core.internal.util.MetricUtils.measureDurationUnsafe(MetricUtils.java:99)
	at software.amazon.awssdk.core.internal.http.pipeline.stages.MakeHttpRequestStage.executeHttpRequest(MakeHttpRequestStage.java:79)
	at software.amazon.awssdk.core.internal.http.pipeline.stages.MakeHttpRequestStage.execute(MakeHttpRequestStage.java:57)
	at software.amazon.awssdk.core.internal.http.pipeline.stages.MakeHttpRequestStage.execute(MakeHttpRequestStage.java:40)
	at software.amazon.awssdk.core.internal.http.pipeline.RequestPipelineBuilder$ComposingRequestPipelineStage.execute(RequestPipelineBuilder.java:206)
	at software.amazon.awssdk.core.internal.http.pipeline.RequestPipelineBuilder$ComposingRequestPipelineStage.execute(RequestPipelineBuilder.java:206)
	at software.amazon.awssdk.core.internal.http.pipeline.RequestPipelineBuilder$ComposingRequestPipelineStage.execute(RequestPipelineBuilder.java:206)
	at software.amazon.awssdk.core.internal.http.pipeline.RequestPipelineBuilder$ComposingRequestPipelineStage.execute(RequestPipelineBuilder.java:206)
	at software.amazon.awssdk.core.internal.http.pipeline.stages.ApiCallAttemptTimeoutTrackingStage.execute(ApiCallAttemptTimeoutTrackingStage.java:72)
	at software.amazon.awssdk.core.internal.http.pipeline.stages.ApiCallAttemptTimeoutTrackingStage.execute(ApiCallAttemptTimeoutTrackingStage.java:42)
	at software.amazon.awssdk.core.internal.http.pipeline.stages.TimeoutExceptionHandlingStage.execute(TimeoutExceptionHandlingStage.java:78)
	at software.amazon.awssdk.core.internal.http.pipeline.stages.TimeoutExceptionHandlingStage.execute(TimeoutExceptionHandlingStage.java:40)
	at software.amazon.awssdk.core.internal.http.pipeline.stages.ApiCallAttemptMetricCollectionStage.execute(ApiCallAttemptMetricCollectionStage.java:55)
	at software.amazon.awssdk.core.internal.http.pipeline.stages.ApiCallAttemptMetricCollectionStage.execute(ApiCallAttemptMetricCollectionStage.java:39)
	at software.amazon.awssdk.core.internal.http.pipeline.stages.RetryableStage.execute(RetryableStage.java:81)
	at software.amazon.awssdk.core.internal.http.pipeline.stages.RetryableStage.execute(RetryableStage.java:36)
	at software.amazon.awssdk.core.internal.http.pipeline.RequestPipelineBuilder$ComposingRequestPipelineStage.execute(RequestPipelineBuilder.java:206)
	at software.amazon.awssdk.core.internal.http.StreamManagingStage.execute(StreamManagingStage.java:56)
	at software.amazon.awssdk.core.internal.http.StreamManagingStage.execute(StreamManagingStage.java:36)
	at software.amazon.awssdk.core.internal.http.pipeline.stages.ApiCallTimeoutTrackingStage.executeWithTimer(ApiCallTimeoutTrackingStage.java:80)
	at software.amazon.awssdk.core.internal.http.pipeline.stages.ApiCallTimeoutTrackingStage.execute(ApiCallTimeoutTrackingStage.java:60)
	at software.amazon.awssdk.core.internal.http.pipeline.stages.ApiCallTimeoutTrackingStage.execute(ApiCallTimeoutTrackingStage.java:42)
	at software.amazon.awssdk.core.internal.http.pipeline.stages.ApiCallMetricCollectionStage.execute(ApiCallMetricCollectionStage.java:50)
	at software.amazon.awssdk.core.internal.http.pipeline.stages.ApiCallMetricCollectionStage.execute(ApiCallMetricCollectionStage.java:32)
	at software.amazon.awssdk.core.internal.http.pipeline.RequestPipelineBuilder$ComposingRequestPipelineStage.execute(RequestPipelineBuilder.java:206)
	at software.amazon.awssdk.core.internal.http.pipeline.RequestPipelineBuilder$ComposingRequestPipelineStage.execute(RequestPipelineBuilder.java:206)
	at software.amazon.awssdk.core.internal.http.pipeline.stages.ExecutionFailureExceptionReportingStage.execute(ExecutionFailureExceptionReportingStage.java:37)
	at software.amazon.awssdk.core.internal.http.pipeline.stages.ExecutionFailureExceptionReportingStage.execute(ExecutionFailureExceptionReportingStage.java:26)
	at software.amazon.awssdk.core.internal.http.AmazonSyncHttpClient$RequestExecutionBuilderImpl.execute(AmazonSyncHttpClient.java:224)
	at software.amazon.awssdk.core.internal.handler.BaseSyncClientHandler.invoke(BaseSyncClientHandler.java:103)
	at software.amazon.awssdk.core.internal.handler.BaseSyncClientHandler.doExecute(BaseSyncClientHandler.java:173)
	at software.amazon.awssdk.core.internal.handler.BaseSyncClientHandler.lambda$execute$1(BaseSyncClientHandler.java:80)
	at software.amazon.awssdk.core.internal.handler.BaseSyncClientHandler.measureApiCallSuccess(BaseSyncClientHandler.java:182)
	at software.amazon.awssdk.core.internal.handler.BaseSyncClientHandler.execute(BaseSyncClientHandler.java:74)
	at software.amazon.awssdk.core.client.handler.SdkSyncClientHandler.execute(SdkSyncClientHandler.java:45)
	at software.amazon.awssdk.awscore.client.handler.AwsSyncClientHandler.execute(AwsSyncClientHandler.java:53)
	at software.amazon.awssdk.services.s3.DefaultS3Client.putObject(DefaultS3Client.java:10220)
	at com.ufu_solutions.certifica_ufu_api.infra.aws.S3StorageAdapter.uploadFile(S3StorageAdapter.java:39)
	at com.ufu_solutions.certifica_ufu_api.services.CertificateService.createCertificate(CertificateService.java:65)
	at com.ufu_solutions.certifica_ufu_api.controllers.CertificateController.createCertificate(CertificateController.java:43)
	at java.base/jdk.internal.reflect.DirectMethodHandleAccessor.invoke(DirectMethodHandleAccessor.java:104)
	at java.base/java.lang.reflect.Method.invoke(Method.java:565)
	at org.springframework.aop.support.AopUtils.invokeJoinpointUsingReflection(AopUtils.java:354)
	at org.springframework.aop.framework.CglibAopProxy$DynamicAdvisedInterceptor.intercept(CglibAopProxy.java:716)
	at com.ufu_solutions.certifica_ufu_api.controllers.CertificateController$$SpringCGLIB$$0.createCertificate(<generated>)
	at java.base/jdk.internal.reflect.DirectMethodHandleAccessor.invoke(DirectMethodHandleAccessor.java:104)
	at java.base/java.lang.reflect.Method.invoke(Method.java:565)
	at org.springframework.web.method.support.InvocableHandlerMethod.doInvoke(InvocableHandlerMethod.java:255)
	at org.springframework.web.method.support.InvocableHandlerMethod.invokeForRequest(InvocableHandlerMethod.java:188)
	at org.springframework.web.servlet.mvc.method.annotation.ServletInvocableHandlerMethod.invokeAndHandle(ServletInvocableHandlerMethod.java:118)
	at org.springframework.web.servlet.mvc.method.annotation.RequestMappingHandlerAdapter.invokeHandlerMethod(RequestMappingHandlerAdapter.java:926)
	at org.springframework.web.servlet.mvc.method.annotation.RequestMappingHandlerAdapter.handleInternal(RequestMappingHandlerAdapter.java:831)
	at org.springframework.web.servlet.mvc.method.AbstractHandlerMethodAdapter.handle(AbstractHandlerMethodAdapter.java:87)
	at org.springframework.web.servlet.DispatcherServlet.doDispatch(DispatcherServlet.java:1089)
	at org.springframework.web.servlet.DispatcherServlet.doService(DispatcherServlet.java:979)
	at org.springframework.web.servlet.FrameworkServlet.processRequest(FrameworkServlet.java:1014)
	at org.springframework.web.servlet.FrameworkServlet.doPost(FrameworkServlet.java:914)
	at jakarta.servlet.http.HttpServlet.service(HttpServlet.java:590)
	at org.springframework.web.servlet.FrameworkServlet.service(FrameworkServlet.java:885)
	at jakarta.servlet.http.HttpServlet.service(HttpServlet.java:658)
	at org.apache.catalina.core.ApplicationFilterChain.internalDoFilter(ApplicationFilterChain.java:206)
	at org.apache.catalina.core.ApplicationFilterChain.doFilter(ApplicationFilterChain.java:150)
	at org.apache.tomcat.websocket.server.WsFilter.doFilter(WsFilter.java:51)
	at org.apache.catalina.core.ApplicationFilterChain.internalDoFilter(ApplicationFilterChain.java:175)
	at org.apache.catalina.core.ApplicationFilterChain.doFilter(ApplicationFilterChain.java:150)
	at org.springframework.web.filter.OncePerRequestFilter.doFilter(OncePerRequestFilter.java:110)
	at org.apache.catalina.core.ApplicationFilterChain.internalDoFilter(ApplicationFilterChain.java:175)
	at org.apache.catalina.core.ApplicationFilterChain.doFilter(ApplicationFilterChain.java:150)
	at org.springframework.web.filter.CompositeFilter$VirtualFilterChain.doFilter(CompositeFilter.java:108)
	at org.springframework.security.web.FilterChainProxy.lambda$doFilterInternal$3(FilterChainProxy.java:231)
	at org.springframework.security.web.FilterChainProxy$VirtualFilterChain.doFilter(FilterChainProxy.java:365)
	at org.springframework.security.web.access.intercept.AuthorizationFilter.doFilter(AuthorizationFilter.java:100)
	at org.springframework.security.web.FilterChainProxy$VirtualFilterChain.doFilter(FilterChainProxy.java:374)
	at org.springframework.security.web.access.ExceptionTranslationFilter.doFilter(ExceptionTranslationFilter.java:126)
	at org.springframework.security.web.access.ExceptionTranslationFilter.doFilter(ExceptionTranslationFilter.java:120)
	at org.springframework.security.web.FilterChainProxy$VirtualFilterChain.doFilter(FilterChainProxy.java:374)
	at org.springframework.security.web.session.SessionManagementFilter.doFilter(SessionManagementFilter.java:131)
	at org.springframework.security.web.session.SessionManagementFilter.doFilter(SessionManagementFilter.java:85)
	at org.springframework.security.web.FilterChainProxy$VirtualFilterChain.doFilter(FilterChainProxy.java:374)
	at org.springframework.security.web.authentication.AnonymousAuthenticationFilter.doFilter(AnonymousAuthenticationFilter.java:100)
	at org.springframework.security.web.FilterChainProxy$VirtualFilterChain.doFilter(FilterChainProxy.java:374)
	at org.springframework.security.web.servletapi.SecurityContextHolderAwareRequestFilter.doFilter(SecurityContextHolderAwareRequestFilter.java:179)
	at org.springframework.security.web.FilterChainProxy$VirtualFilterChain.doFilter(FilterChainProxy.java:374)
	at org.springframework.security.web.savedrequest.RequestCacheAwareFilter.doFilter(RequestCacheAwareFilter.java:63)
	at org.springframework.security.web.FilterChainProxy$VirtualFilterChain.doFilter(FilterChainProxy.java:374)
	at com.ufu_solutions.certifica_ufu_api.security.SecurityFilter.doFilterInternal(SecurityFilter.java:35)
	at org.springframework.web.filter.OncePerRequestFilter.doFilter(OncePerRequestFilter.java:116)
	at org.springframework.security.web.FilterChainProxy$VirtualFilterChain.doFilter(FilterChainProxy.java:374)
	at org.springframework.security.web.authentication.logout.LogoutFilter.doFilter(LogoutFilter.java:107)
	at org.springframework.security.web.authentication.logout.LogoutFilter.doFilter(LogoutFilter.java:93)
	at org.springframework.security.web.FilterChainProxy$VirtualFilterChain.doFilter(FilterChainProxy.java:374)
	at org.springframework.web.filter.CorsFilter.doFilterInternal(CorsFilter.java:91)
	at org.springframework.web.filter.OncePerRequestFilter.doFilter(OncePerRequestFilter.java:116)
	at org.springframework.security.web.FilterChainProxy$VirtualFilterChain.doFilter(FilterChainProxy.java:374)
	at org.springframework.security.web.header.HeaderWriterFilter.doHeadersAfter(HeaderWriterFilter.java:90)
	at org.springframework.security.web.header.HeaderWriterFilter.doFilterInternal(HeaderWriterFilter.java:75)
	at org.springframework.web.filter.OncePerRequestFilter.doFilter(OncePerRequestFilter.java:116)
	at org.springframework.security.web.FilterChainProxy$VirtualFilterChain.doFilter(FilterChainProxy.java:374)
	at org.springframework.security.web.context.SecurityContextHolderFilter.doFilter(SecurityContextHolderFilter.java:82)
	at org.springframework.security.web.context.SecurityContextHolderFilter.doFilter(SecurityContextHolderFilter.java:69)
	at org.springframework.security.web.FilterChainProxy$VirtualFilterChain.doFilter(FilterChainProxy.java:374)
	at org.springframework.security.web.context.request.async.WebAsyncManagerIntegrationFilter.doFilterInternal(WebAsyncManagerIntegrationFilter.java:62)
	at org.springframework.web.filter.OncePerRequestFilter.doFilter(OncePerRequestFilter.java:116)
	at org.springframework.security.web.FilterChainProxy$VirtualFilterChain.doFilter(FilterChainProxy.java:374)
	at org.springframework.security.web.session.DisableEncodeUrlFilter.doFilterInternal(DisableEncodeUrlFilter.java:42)
	at org.springframework.web.filter.OncePerRequestFilter.doFilter(OncePerRequestFilter.java:116)
	at org.springframework.security.web.FilterChainProxy$VirtualFilterChain.doFilter(FilterChainProxy.java:374)
	at org.springframework.security.web.FilterChainProxy.doFilterInternal(FilterChainProxy.java:233)
	at org.springframework.security.web.FilterChainProxy.doFilter(FilterChainProxy.java:191)
	at org.springframework.web.filter.CompositeFilter$VirtualFilterChain.doFilter(CompositeFilter.java:113)
	at org.springframework.web.servlet.handler.HandlerMappingIntrospector.lambda$createCacheFilter$3(HandlerMappingIntrospector.java:195)
	at org.springframework.web.filter.CompositeFilter$VirtualFilterChain.doFilter(CompositeFilter.java:113)
	at org.springframework.web.filter.CompositeFilter.doFilter(CompositeFilter.java:74)
	at org.springframework.security.config.annotation.web.configuration.WebMvcSecurityConfiguration$CompositeFilterChainProxy.doFilter(WebMvcSecurityConfiguration.java:230)
	at org.springframework.web.filter.DelegatingFilterProxy.invokeDelegate(DelegatingFilterProxy.java:352)
	at org.springframework.web.filter.DelegatingFilterProxy.doFilter(DelegatingFilterProxy.java:268)
	at org.apache.catalina.core.ApplicationFilterChain.internalDoFilter(ApplicationFilterChain.java:175)
	at org.apache.catalina.core.ApplicationFilterChain.doFilter(ApplicationFilterChain.java:150)
	at org.springframework.web.filter.RequestContextFilter.doFilterInternal(RequestContextFilter.java:100)
	at org.springframework.web.filter.OncePerRequestFilter.doFilter(OncePerRequestFilter.java:116)
	at org.apache.catalina.core.ApplicationFilterChain.internalDoFilter(ApplicationFilterChain.java:175)
	at org.apache.catalina.core.ApplicationFilterChain.doFilter(ApplicationFilterChain.java:150)
	at org.springframework.web.filter.FormContentFilter.doFilterInternal(FormContentFilter.java:93)
	at org.springframework.web.filter.OncePerRequestFilter.doFilter(OncePerRequestFilter.java:116)
	at org.apache.catalina.core.ApplicationFilterChain.internalDoFilter(ApplicationFilterChain.java:175)
	at org.apache.catalina.core.ApplicationFilterChain.doFilter(ApplicationFilterChain.java:150)
	at org.springframework.web.filter.CharacterEncodingFilter.doFilterInternal(CharacterEncodingFilter.java:201)
	at org.springframework.web.filter.OncePerRequestFilter.doFilter(OncePerRequestFilter.java:116)
	at org.apache.catalina.core.ApplicationFilterChain.internalDoFilter(ApplicationFilterChain.java:175)
	at org.apache.catalina.core.ApplicationFilterChain.doFilter(ApplicationFilterChain.java:150)
	at org.apache.catalina.core.StandardWrapperValve.invoke(StandardWrapperValve.java:167)
	at org.apache.catalina.core.StandardContextValve.invoke(StandardContextValve.java:90)
	at org.apache.catalina.authenticator.AuthenticatorBase.invoke(AuthenticatorBase.java:482)
	at org.apache.catalina.core.StandardHostValve.invoke(StandardHostValve.java:115)
	at org.apache.catalina.valves.ErrorReportValve.invoke(ErrorReportValve.java:93)
	at org.apache.catalina.core.StandardEngineValve.invoke(StandardEngineValve.java:74)
	at org.apache.catalina.connector.CoyoteAdapter.service(CoyoteAdapter.java:344)
	at org.apache.coyote.http11.Http11Processor.service(Http11Processor.java:391)
	at org.apache.coyote.AbstractProcessorLight.process(AbstractProcessorLight.java:63)
	at org.apache.coyote.AbstractProtocol$ConnectionHandler.process(AbstractProtocol.java:896)
	at org.apache.tomcat.util.net.NioEndpoint$SocketProcessor.doRun(NioEndpoint.java:1736)
	at org.apache.tomcat.util.net.SocketProcessorBase.run(SocketProcessorBase.java:52)
	at org.apache.tomcat.util.threads.ThreadPoolExecutor.runWorker(ThreadPoolExecutor.java:1191)
	at org.apache.tomcat.util.threads.ThreadPoolExecutor$Worker.run(ThreadPoolExecutor.java:659)
	at org.apache.tomcat.util.threads.TaskThread$WrappingRunnable.run(TaskThread.java:63)
	at java.base/java.lang.Thread.run(Thread.java:1447)
2025-09-15 19:15:46.102 [                  ] [http-nio-8080-exec-4] INFO  c.u.c.services.CertificateService - Fetching certificates for user: gustavo@mail.com
2025-09-15 19:15:46.117 [                  ] [http-nio-8080-exec-8] INFO  c.u.c.services.CertificateService - Fetching certificates for user: gustavo@mail.com
2025-09-15 19:16:41.881 [                  ] [http-nio-8080-exec-3] INFO  c.u.c.services.CertificateService - Fetching certificates for user: gustavo@mail.com
2025-09-15 19:16:41.897 [                  ] [http-nio-8080-exec-4] INFO  c.u.c.services.CertificateService - Fetching certificates for user: gustavo@mail.com
2025-09-15 19:17:18.980 [                  ] [http-nio-8080-exec-1] INFO  c.u.c.services.CertificateService - Received request to create certificate 'Certificado Seg Info' for user 'gustavo@mail.com'
2025-09-15 19:17:18.989 [                  ] [http-nio-8080-exec-1] INFO  c.u.c.services.CertificateService - File validation successful.
2025-09-15 19:17:18.989 [                  ] [http-nio-8080-exec-1] INFO  c.u.c.services.CertificateService - Uploading file to S3 storage...
2025-09-15 19:17:19.257 [                  ] [http-nio-8080-exec-1] ERROR o.a.c.c.C.[.[.[.[dispatcherServlet] - Servlet.service() for servlet [dispatcherServlet] in context with path [] threw exception [Request processing failed: software.amazon.awssdk.core.exception.SdkClientException: Received an UnknownHostException when attempting to interact with a service. See cause for the exact endpoint that is failing to resolve. If this is happening on an endpoint that previously worked, there may be a network connectivity issue or your DNS cache could be storing endpoints for too long.] with root cause
java.net.UnknownHostException: easycomm-bucket.s3.amazonaws.com
	at java.base/java.net.InetAddress$CachedLookup.get(InetAddress.java:905)
	at java.base/java.net.InetAddress.getAllByName0(InetAddress.java:1687)
	at java.base/java.net.InetAddress.getAllByName(InetAddress.java:1568)
	at org.apache.http.impl.conn.SystemDefaultDnsResolver.resolve(SystemDefaultDnsResolver.java:45)
	at org.apache.http.impl.conn.DefaultHttpClientConnectionOperator.connect(DefaultHttpClientConnectionOperator.java:112)
	at org.apache.http.impl.conn.PoolingHttpClientConnectionManager.connect(PoolingHttpClientConnectionManager.java:376)
	at software.amazon.awssdk.http.apache.internal.conn.ClientConnectionManagerFactory$DelegatingHttpClientConnectionManager.connect(ClientConnectionManagerFactory.java:86)
	at org.apache.http.impl.execchain.MainClientExec.establishRoute(MainClientExec.java:393)
	at org.apache.http.impl.execchain.MainClientExec.execute(MainClientExec.java:236)
	at org.apache.http.impl.execchain.ProtocolExec.execute(ProtocolExec.java:186)
	at org.apache.http.impl.client.InternalHttpClient.doExecute(InternalHttpClient.java:185)
	at org.apache.http.impl.client.CloseableHttpClient.execute(CloseableHttpClient.java:83)
	at org.apache.http.impl.client.CloseableHttpClient.execute(CloseableHttpClient.java:56)
	at software.amazon.awssdk.http.apache.internal.impl.ApacheSdkHttpClient.execute(ApacheSdkHttpClient.java:72)
	at software.amazon.awssdk.http.apache.ApacheHttpClient.execute(ApacheHttpClient.java:254)
	at software.amazon.awssdk.http.apache.ApacheHttpClient.access$500(ApacheHttpClient.java:104)
	at software.amazon.awssdk.http.apache.ApacheHttpClient$1.call(ApacheHttpClient.java:231)
	at software.amazon.awssdk.http.apache.ApacheHttpClient$1.call(ApacheHttpClient.java:228)
	at software.amazon.awssdk.core.internal.util.MetricUtils.measureDurationUnsafe(MetricUtils.java:99)
	at software.amazon.awssdk.core.internal.http.pipeline.stages.MakeHttpRequestStage.executeHttpRequest(MakeHttpRequestStage.java:79)
	at software.amazon.awssdk.core.internal.http.pipeline.stages.MakeHttpRequestStage.execute(MakeHttpRequestStage.java:57)
	at software.amazon.awssdk.core.internal.http.pipeline.stages.MakeHttpRequestStage.execute(MakeHttpRequestStage.java:40)
	at software.amazon.awssdk.core.internal.http.pipeline.RequestPipelineBuilder$ComposingRequestPipelineStage.execute(RequestPipelineBuilder.java:206)
	at software.amazon.awssdk.core.internal.http.pipeline.RequestPipelineBuilder$ComposingRequestPipelineStage.execute(RequestPipelineBuilder.java:206)
	at software.amazon.awssdk.core.internal.http.pipeline.RequestPipelineBuilder$ComposingRequestPipelineStage.execute(RequestPipelineBuilder.java:206)
	at software.amazon.awssdk.core.internal.http.pipeline.RequestPipelineBuilder$ComposingRequestPipelineStage.execute(RequestPipelineBuilder.java:206)
	at software.amazon.awssdk.core.internal.http.pipeline.stages.ApiCallAttemptTimeoutTrackingStage.execute(ApiCallAttemptTimeoutTrackingStage.java:72)
	at software.amazon.awssdk.core.internal.http.pipeline.stages.ApiCallAttemptTimeoutTrackingStage.execute(ApiCallAttemptTimeoutTrackingStage.java:42)
	at software.amazon.awssdk.core.internal.http.pipeline.stages.TimeoutExceptionHandlingStage.execute(TimeoutExceptionHandlingStage.java:78)
	at software.amazon.awssdk.core.internal.http.pipeline.stages.TimeoutExceptionHandlingStage.execute(TimeoutExceptionHandlingStage.java:40)
	at software.amazon.awssdk.core.internal.http.pipeline.stages.ApiCallAttemptMetricCollectionStage.execute(ApiCallAttemptMetricCollectionStage.java:55)
	at software.amazon.awssdk.core.internal.http.pipeline.stages.ApiCallAttemptMetricCollectionStage.execute(ApiCallAttemptMetricCollectionStage.java:39)
	at software.amazon.awssdk.core.internal.http.pipeline.stages.RetryableStage.execute(RetryableStage.java:81)
	at software.amazon.awssdk.core.internal.http.pipeline.stages.RetryableStage.execute(RetryableStage.java:36)
	at software.amazon.awssdk.core.internal.http.pipeline.RequestPipelineBuilder$ComposingRequestPipelineStage.execute(RequestPipelineBuilder.java:206)
	at software.amazon.awssdk.core.internal.http.StreamManagingStage.execute(StreamManagingStage.java:56)
	at software.amazon.awssdk.core.internal.http.StreamManagingStage.execute(StreamManagingStage.java:36)
	at software.amazon.awssdk.core.internal.http.pipeline.stages.ApiCallTimeoutTrackingStage.executeWithTimer(ApiCallTimeoutTrackingStage.java:80)
	at software.amazon.awssdk.core.internal.http.pipeline.stages.ApiCallTimeoutTrackingStage.execute(ApiCallTimeoutTrackingStage.java:60)
	at software.amazon.awssdk.core.internal.http.pipeline.stages.ApiCallTimeoutTrackingStage.execute(ApiCallTimeoutTrackingStage.java:42)
	at software.amazon.awssdk.core.internal.http.pipeline.stages.ApiCallMetricCollectionStage.execute(ApiCallMetricCollectionStage.java:50)
	at software.amazon.awssdk.core.internal.http.pipeline.stages.ApiCallMetricCollectionStage.execute(ApiCallMetricCollectionStage.java:32)
	at software.amazon.awssdk.core.internal.http.pipeline.RequestPipelineBuilder$ComposingRequestPipelineStage.execute(RequestPipelineBuilder.java:206)
	at software.amazon.awssdk.core.internal.http.pipeline.RequestPipelineBuilder$ComposingRequestPipelineStage.execute(RequestPipelineBuilder.java:206)
	at software.amazon.awssdk.core.internal.http.pipeline.stages.ExecutionFailureExceptionReportingStage.execute(ExecutionFailureExceptionReportingStage.java:37)
	at software.amazon.awssdk.core.internal.http.pipeline.stages.ExecutionFailureExceptionReportingStage.execute(ExecutionFailureExceptionReportingStage.java:26)
	at software.amazon.awssdk.core.internal.http.AmazonSyncHttpClient$RequestExecutionBuilderImpl.execute(AmazonSyncHttpClient.java:224)
	at software.amazon.awssdk.core.internal.handler.BaseSyncClientHandler.invoke(BaseSyncClientHandler.java:103)
	at software.amazon.awssdk.core.internal.handler.BaseSyncClientHandler.doExecute(BaseSyncClientHandler.java:173)
	at software.amazon.awssdk.core.internal.handler.BaseSyncClientHandler.lambda$execute$1(BaseSyncClientHandler.java:80)
	at software.amazon.awssdk.core.internal.handler.BaseSyncClientHandler.measureApiCallSuccess(BaseSyncClientHandler.java:182)
	at software.amazon.awssdk.core.internal.handler.BaseSyncClientHandler.execute(BaseSyncClientHandler.java:74)
	at software.amazon.awssdk.core.client.handler.SdkSyncClientHandler.execute(SdkSyncClientHandler.java:45)
	at software.amazon.awssdk.awscore.client.handler.AwsSyncClientHandler.execute(AwsSyncClientHandler.java:53)
	at software.amazon.awssdk.services.s3.DefaultS3Client.putObject(DefaultS3Client.java:10220)
	at com.ufu_solutions.certifica_ufu_api.infra.aws.S3StorageAdapter.uploadFile(S3StorageAdapter.java:39)
	at com.ufu_solutions.certifica_ufu_api.services.CertificateService.createCertificate(CertificateService.java:65)
	at com.ufu_solutions.certifica_ufu_api.controllers.CertificateController.createCertificate(CertificateController.java:43)
	at java.base/jdk.internal.reflect.DirectMethodHandleAccessor.invoke(DirectMethodHandleAccessor.java:104)
	at java.base/java.lang.reflect.Method.invoke(Method.java:565)
	at org.springframework.aop.support.AopUtils.invokeJoinpointUsingReflection(AopUtils.java:354)
	at org.springframework.aop.framework.CglibAopProxy$DynamicAdvisedInterceptor.intercept(CglibAopProxy.java:716)
	at com.ufu_solutions.certifica_ufu_api.controllers.CertificateController$$SpringCGLIB$$0.createCertificate(<generated>)
	at java.base/jdk.internal.reflect.DirectMethodHandleAccessor.invoke(DirectMethodHandleAccessor.java:104)
	at java.base/java.lang.reflect.Method.invoke(Method.java:565)
	at org.springframework.web.method.support.InvocableHandlerMethod.doInvoke(InvocableHandlerMethod.java:255)
	at org.springframework.web.method.support.InvocableHandlerMethod.invokeForRequest(InvocableHandlerMethod.java:188)
	at org.springframework.web.servlet.mvc.method.annotation.ServletInvocableHandlerMethod.invokeAndHandle(ServletInvocableHandlerMethod.java:118)
	at org.springframework.web.servlet.mvc.method.annotation.RequestMappingHandlerAdapter.invokeHandlerMethod(RequestMappingHandlerAdapter.java:926)
	at org.springframework.web.servlet.mvc.method.annotation.RequestMappingHandlerAdapter.handleInternal(RequestMappingHandlerAdapter.java:831)
	at org.springframework.web.servlet.mvc.method.AbstractHandlerMethodAdapter.handle(AbstractHandlerMethodAdapter.java:87)
	at org.springframework.web.servlet.DispatcherServlet.doDispatch(DispatcherServlet.java:1089)
	at org.springframework.web.servlet.DispatcherServlet.doService(DispatcherServlet.java:979)
	at org.springframework.web.servlet.FrameworkServlet.processRequest(FrameworkServlet.java:1014)
	at org.springframework.web.servlet.FrameworkServlet.doPost(FrameworkServlet.java:914)
	at jakarta.servlet.http.HttpServlet.service(HttpServlet.java:590)
	at org.springframework.web.servlet.FrameworkServlet.service(FrameworkServlet.java:885)
	at jakarta.servlet.http.HttpServlet.service(HttpServlet.java:658)
	at org.apache.catalina.core.ApplicationFilterChain.internalDoFilter(ApplicationFilterChain.java:206)
	at org.apache.catalina.core.ApplicationFilterChain.doFilter(ApplicationFilterChain.java:150)
	at org.apache.tomcat.websocket.server.WsFilter.doFilter(WsFilter.java:51)
	at org.apache.catalina.core.ApplicationFilterChain.internalDoFilter(ApplicationFilterChain.java:175)
	at org.apache.catalina.core.ApplicationFilterChain.doFilter(ApplicationFilterChain.java:150)
	at org.springframework.web.filter.OncePerRequestFilter.doFilter(OncePerRequestFilter.java:110)
	at org.apache.catalina.core.ApplicationFilterChain.internalDoFilter(ApplicationFilterChain.java:175)
	at org.apache.catalina.core.ApplicationFilterChain.doFilter(ApplicationFilterChain.java:150)
	at org.springframework.web.filter.CompositeFilter$VirtualFilterChain.doFilter(CompositeFilter.java:108)
	at org.springframework.security.web.FilterChainProxy.lambda$doFilterInternal$3(FilterChainProxy.java:231)
	at org.springframework.security.web.FilterChainProxy$VirtualFilterChain.doFilter(FilterChainProxy.java:365)
	at org.springframework.security.web.access.intercept.AuthorizationFilter.doFilter(AuthorizationFilter.java:100)
	at org.springframework.security.web.FilterChainProxy$VirtualFilterChain.doFilter(FilterChainProxy.java:374)
	at org.springframework.security.web.access.ExceptionTranslationFilter.doFilter(ExceptionTranslationFilter.java:126)
	at org.springframework.security.web.access.ExceptionTranslationFilter.doFilter(ExceptionTranslationFilter.java:120)
	at org.springframework.security.web.FilterChainProxy$VirtualFilterChain.doFilter(FilterChainProxy.java:374)
	at org.springframework.security.web.session.SessionManagementFilter.doFilter(SessionManagementFilter.java:131)
	at org.springframework.security.web.session.SessionManagementFilter.doFilter(SessionManagementFilter.java:85)
	at org.springframework.security.web.FilterChainProxy$VirtualFilterChain.doFilter(FilterChainProxy.java:374)
	at org.springframework.security.web.authentication.AnonymousAuthenticationFilter.doFilter(AnonymousAuthenticationFilter.java:100)
	at org.springframework.security.web.FilterChainProxy$VirtualFilterChain.doFilter(FilterChainProxy.java:374)
	at org.springframework.security.web.servletapi.SecurityContextHolderAwareRequestFilter.doFilter(SecurityContextHolderAwareRequestFilter.java:179)
	at org.springframework.security.web.FilterChainProxy$VirtualFilterChain.doFilter(FilterChainProxy.java:374)
	at org.springframework.security.web.savedrequest.RequestCacheAwareFilter.doFilter(RequestCacheAwareFilter.java:63)
	at org.springframework.security.web.FilterChainProxy$VirtualFilterChain.doFilter(FilterChainProxy.java:374)
	at com.ufu_solutions.certifica_ufu_api.security.SecurityFilter.doFilterInternal(SecurityFilter.java:35)
	at org.springframework.web.filter.OncePerRequestFilter.doFilter(OncePerRequestFilter.java:116)
	at org.springframework.security.web.FilterChainProxy$VirtualFilterChain.doFilter(FilterChainProxy.java:374)
	at org.springframework.security.web.authentication.logout.LogoutFilter.doFilter(LogoutFilter.java:107)
	at org.springframework.security.web.authentication.logout.LogoutFilter.doFilter(LogoutFilter.java:93)
	at org.springframework.security.web.FilterChainProxy$VirtualFilterChain.doFilter(FilterChainProxy.java:374)
	at org.springframework.web.filter.CorsFilter.doFilterInternal(CorsFilter.java:91)
	at org.springframework.web.filter.OncePerRequestFilter.doFilter(OncePerRequestFilter.java:116)
	at org.springframework.security.web.FilterChainProxy$VirtualFilterChain.doFilter(FilterChainProxy.java:374)
	at org.springframework.security.web.header.HeaderWriterFilter.doHeadersAfter(HeaderWriterFilter.java:90)
	at org.springframework.security.web.header.HeaderWriterFilter.doFilterInternal(HeaderWriterFilter.java:75)
	at org.springframework.web.filter.OncePerRequestFilter.doFilter(OncePerRequestFilter.java:116)
	at org.springframework.security.web.FilterChainProxy$VirtualFilterChain.doFilter(FilterChainProxy.java:374)
	at org.springframework.security.web.context.SecurityContextHolderFilter.doFilter(SecurityContextHolderFilter.java:82)
	at org.springframework.security.web.context.SecurityContextHolderFilter.doFilter(SecurityContextHolderFilter.java:69)
	at org.springframework.security.web.FilterChainProxy$VirtualFilterChain.doFilter(FilterChainProxy.java:374)
	at org.springframework.security.web.context.request.async.WebAsyncManagerIntegrationFilter.doFilterInternal(WebAsyncManagerIntegrationFilter.java:62)
	at org.springframework.web.filter.OncePerRequestFilter.doFilter(OncePerRequestFilter.java:116)
	at org.springframework.security.web.FilterChainProxy$VirtualFilterChain.doFilter(FilterChainProxy.java:374)
	at org.springframework.security.web.session.DisableEncodeUrlFilter.doFilterInternal(DisableEncodeUrlFilter.java:42)
	at org.springframework.web.filter.OncePerRequestFilter.doFilter(OncePerRequestFilter.java:116)
	at org.springframework.security.web.FilterChainProxy$VirtualFilterChain.doFilter(FilterChainProxy.java:374)
	at org.springframework.security.web.FilterChainProxy.doFilterInternal(FilterChainProxy.java:233)
	at org.springframework.security.web.FilterChainProxy.doFilter(FilterChainProxy.java:191)
	at org.springframework.web.filter.CompositeFilter$VirtualFilterChain.doFilter(CompositeFilter.java:113)
	at org.springframework.web.servlet.handler.HandlerMappingIntrospector.lambda$createCacheFilter$3(HandlerMappingIntrospector.java:195)
	at org.springframework.web.filter.CompositeFilter$VirtualFilterChain.doFilter(CompositeFilter.java:113)
	at org.springframework.web.filter.CompositeFilter.doFilter(CompositeFilter.java:74)
	at org.springframework.security.config.annotation.web.configuration.WebMvcSecurityConfiguration$CompositeFilterChainProxy.doFilter(WebMvcSecurityConfiguration.java:230)
	at org.springframework.web.filter.DelegatingFilterProxy.invokeDelegate(DelegatingFilterProxy.java:352)
	at org.springframework.web.filter.DelegatingFilterProxy.doFilter(DelegatingFilterProxy.java:268)
	at org.apache.catalina.core.ApplicationFilterChain.internalDoFilter(ApplicationFilterChain.java:175)
	at org.apache.catalina.core.ApplicationFilterChain.doFilter(ApplicationFilterChain.java:150)
	at org.springframework.web.filter.RequestContextFilter.doFilterInternal(RequestContextFilter.java:100)
	at org.springframework.web.filter.OncePerRequestFilter.doFilter(OncePerRequestFilter.java:116)
	at org.apache.catalina.core.ApplicationFilterChain.internalDoFilter(ApplicationFilterChain.java:175)
	at org.apache.catalina.core.ApplicationFilterChain.doFilter(ApplicationFilterChain.java:150)
	at org.springframework.web.filter.FormContentFilter.doFilterInternal(FormContentFilter.java:93)
	at org.springframework.web.filter.OncePerRequestFilter.doFilter(OncePerRequestFilter.java:116)
	at org.apache.catalina.core.ApplicationFilterChain.internalDoFilter(ApplicationFilterChain.java:175)
	at org.apache.catalina.core.ApplicationFilterChain.doFilter(ApplicationFilterChain.java:150)
	at org.springframework.web.filter.CharacterEncodingFilter.doFilterInternal(CharacterEncodingFilter.java:201)
	at org.springframework.web.filter.OncePerRequestFilter.doFilter(OncePerRequestFilter.java:116)
	at org.apache.catalina.core.ApplicationFilterChain.internalDoFilter(ApplicationFilterChain.java:175)
	at org.apache.catalina.core.ApplicationFilterChain.doFilter(ApplicationFilterChain.java:150)
	at org.apache.catalina.core.StandardWrapperValve.invoke(StandardWrapperValve.java:167)
	at org.apache.catalina.core.StandardContextValve.invoke(StandardContextValve.java:90)
	at org.apache.catalina.authenticator.AuthenticatorBase.invoke(AuthenticatorBase.java:482)
	at org.apache.catalina.core.StandardHostValve.invoke(StandardHostValve.java:115)
	at org.apache.catalina.valves.ErrorReportValve.invoke(ErrorReportValve.java:93)
	at org.apache.catalina.core.StandardEngineValve.invoke(StandardEngineValve.java:74)
	at org.apache.catalina.connector.CoyoteAdapter.service(CoyoteAdapter.java:344)
	at org.apache.coyote.http11.Http11Processor.service(Http11Processor.java:391)
	at org.apache.coyote.AbstractProcessorLight.process(AbstractProcessorLight.java:63)
	at org.apache.coyote.AbstractProtocol$ConnectionHandler.process(AbstractProtocol.java:896)
	at org.apache.tomcat.util.net.NioEndpoint$SocketProcessor.doRun(NioEndpoint.java:1736)
	at org.apache.tomcat.util.net.SocketProcessorBase.run(SocketProcessorBase.java:52)
	at org.apache.tomcat.util.threads.ThreadPoolExecutor.runWorker(ThreadPoolExecutor.java:1191)
	at org.apache.tomcat.util.threads.ThreadPoolExecutor$Worker.run(ThreadPoolExecutor.java:659)
	at org.apache.tomcat.util.threads.TaskThread$WrappingRunnable.run(TaskThread.java:63)
	at java.base/java.lang.Thread.run(Thread.java:1447)
2025-09-15 19:17:23.235 [                  ] [http-nio-8080-exec-6] INFO  c.u.c.services.CertificateService - Fetching certificates for user: gustavo@mail.com
2025-09-15 19:17:23.252 [                  ] [http-nio-8080-exec-10] INFO  c.u.c.services.CertificateService - Fetching certificates for user: gustavo@mail.com
2025-09-15 19:17:30.533 [                  ] [SpringApplicationShutdownHook] INFO  o.a.k.clients.producer.KafkaProducer - [Producer clientId=producer-1] Closing the Kafka producer with timeoutMillis = 30000 ms.
2025-09-15 19:17:30.547 [                  ] [SpringApplicationShutdownHook] INFO  o.a.kafka.common.metrics.Metrics - Metrics scheduler closed
2025-09-15 19:17:30.548 [                  ] [SpringApplicationShutdownHook] INFO  o.a.kafka.common.metrics.Metrics - Closing reporter org.apache.kafka.common.metrics.JmxReporter
2025-09-15 19:17:30.548 [                  ] [SpringApplicationShutdownHook] INFO  o.a.kafka.common.metrics.Metrics - Metrics reporters closed
2025-09-15 19:17:30.549 [                  ] [SpringApplicationShutdownHook] INFO  o.a.kafka.common.utils.AppInfoParser - App info kafka.producer for producer-1 unregistered
2025-09-15 19:17:35.470 [                  ] [main] INFO  c.u.c.CertificaufuApplication - Starting CertificaufuApplication using Java 24.0.1 with PID 17660 (C:\Users\Gustavo Achcar Filho\Desktop\projects\Certifica UFU - PDSI1\certificaUFU\easycomm-monorepo\certifica-ufu-api\target\classes started by Gustavo Achcar Filho in C:\Users\Gustavo Achcar Filho\Desktop\projects\Certifica UFU - PDSI1\certificaUFU\easycomm-monorepo)
2025-09-15 19:17:35.473 [                  ] [main] INFO  c.u.c.CertificaufuApplication - No active profile set, falling back to 1 default profile: "default"
2025-09-15 19:17:36.302 [                  ] [main] INFO  o.s.d.r.c.RepositoryConfigurationDelegate - Bootstrapping Spring Data MongoDB repositories in DEFAULT mode.
2025-09-15 19:17:36.378 [                  ] [main] INFO  o.s.d.r.c.RepositoryConfigurationDelegate - Finished Spring Data repository scanning in 69 ms. Found 3 MongoDB repository interfaces.
2025-09-15 19:17:37.472 [                  ] [main] INFO  o.s.b.w.e.tomcat.TomcatWebServer - Tomcat initialized with port 8080 (http)
2025-09-15 19:17:37.491 [                  ] [main] INFO  o.a.coyote.http11.Http11NioProtocol - Initializing ProtocolHandler ["http-nio-8080"]
2025-09-15 19:17:37.493 [                  ] [main] INFO  o.a.catalina.core.StandardService - Starting service [Tomcat]
2025-09-15 19:17:37.493 [                  ] [main] INFO  o.a.catalina.core.StandardEngine - Starting Servlet engine: [Apache Tomcat/10.1.20]
2025-09-15 19:17:37.592 [                  ] [main] INFO  o.a.c.c.C.[Tomcat].[localhost].[/] - Initializing Spring embedded WebApplicationContext
2025-09-15 19:17:37.592 [                  ] [main] INFO  o.s.b.w.s.c.ServletWebServerApplicationContext - Root WebApplicationContext: initialization completed in 2014 ms
2025-09-15 19:17:37.831 [                  ] [main] INFO  org.mongodb.driver.client - MongoClient with metadata {"driver": {"name": "mongo-java-driver|sync|spring-boot", "version": "4.11.2"}, "os": {"type": "Windows", "name": "Windows 11", "architecture": "amd64", "version": "10.0"}, "platform": "Java/Oracle Corporation/24.0.1+9-30"} created with settings MongoClientSettings{readPreference=primary, writeConcern=WriteConcern{w=null, wTimeout=null ms, journal=null}, retryWrites=true, retryReads=true, readConcern=ReadConcern{level=null}, credential=null, transportSettings=null, streamFactoryFactory=null, commandListeners=[], codecRegistry=ProvidersCodecRegistry{codecProviders=[ValueCodecProvider{}, BsonValueCodecProvider{}, DBRefCodecProvider{}, DBObjectCodecProvider{}, DocumentCodecProvider{}, CollectionCodecProvider{}, IterableCodecProvider{}, MapCodecProvider{}, GeoJsonCodecProvider{}, GridFSFileCodecProvider{}, Jsr310CodecProvider{}, JsonObjectCodecProvider{}, BsonCodecProvider{}, EnumCodecProvider{}, com.mongodb.client.model.mql.ExpressionCodecProvider@31aab981, com.mongodb.Jep395RecordCodecProvider@26be9a6, com.mongodb.KotlinCodecProvider@4d518c66]}, loggerSettings=LoggerSettings{maxDocumentLength=1000}, clusterSettings={hosts=[localhost:27017], srvServiceName=mongodb, mode=SINGLE, requiredClusterType=UNKNOWN, requiredReplicaSetName='null', serverSelector='null', clusterListeners='[]', serverSelectionTimeout='30000 ms', localThreshold='15 ms'}, socketSettings=SocketSettings{connectTimeoutMS=10000, readTimeoutMS=0, receiveBufferSize=0, proxySettings=ProxySettings{host=null, port=null, username=null, password=null}}, heartbeatSocketSettings=SocketSettings{connectTimeoutMS=10000, readTimeoutMS=10000, receiveBufferSize=0, proxySettings=ProxySettings{host=null, port=null, username=null, password=null}}, connectionPoolSettings=ConnectionPoolSettings{maxSize=100, minSize=0, maxWaitTimeMS=120000, maxConnectionLifeTimeMS=0, maxConnectionIdleTimeMS=0, maintenanceInitialDelayMS=0, maintenanceFrequencyMS=60000, connectionPoolListeners=[], maxConnecting=2}, serverSettings=ServerSettings{heartbeatFrequencyMS=10000, minHeartbeatFrequencyMS=500, serverListeners='[]', serverMonitorListeners='[]'}, sslSettings=SslSettings{enabled=false, invalidHostNameAllowed=false, context=null}, applicationName='null', compressorList=[], uuidRepresentation=JAVA_LEGACY, serverApi=null, autoEncryptionSettings=null, dnsClient=null, inetAddressResolver=null, contextProvider=null}
2025-09-15 19:17:37.883 [                  ] [cluster-ClusterId{value='68c8908175404e6d73d382a7', description='null'}-localhost:27017] INFO  org.mongodb.driver.cluster - Monitor thread successfully connected to server with description ServerDescription{address=localhost:27017, type=STANDALONE, state=CONNECTED, ok=true, minWireVersion=0, maxWireVersion=25, maxDocumentSize=16777216, logicalSessionTimeoutMinutes=30, roundTripTimeNanos=60107900}
2025-09-15 19:17:38.426 [                  ] [main] INFO  o.s.d.p.DefaultProjectionInformation$PropertyDescriptorSource - Couldn't read class metadata for interface java.io.Serializable. Input property calculation might fail
2025-09-15 19:17:40.224 [                  ] [main] INFO  o.s.s.web.DefaultSecurityFilterChain - Will secure any request with [org.springframework.security.web.session.DisableEncodeUrlFilter@18c60d81, org.springframework.security.web.context.request.async.WebAsyncManagerIntegrationFilter@602aeb87, org.springframework.security.web.context.SecurityContextHolderFilter@1bbef3c7, org.springframework.security.web.header.HeaderWriterFilter@1ef5cde4, org.springframework.web.filter.CorsFilter@423762ae, org.springframework.security.web.authentication.logout.LogoutFilter@19fc0ef7, com.ufu_solutions.certifica_ufu_api.security.SecurityFilter@54567b05, org.springframework.security.web.savedrequest.RequestCacheAwareFilter@42474b18, org.springframework.security.web.servletapi.SecurityContextHolderAwareRequestFilter@31b91435, org.springframework.security.web.authentication.AnonymousAuthenticationFilter@7b58d678, org.springframework.security.web.session.SessionManagementFilter@bc4a9b0, org.springframework.security.web.access.ExceptionTranslationFilter@a97a895, org.springframework.security.web.access.intercept.AuthorizationFilter@20db19ff]
2025-09-15 19:17:40.700 [                  ] [main] INFO  o.a.k.c.admin.AdminClientConfig - AdminClientConfig values: 
	auto.include.jmx.reporter = true
	bootstrap.servers = [localhost:9092]
	client.dns.lookup = use_all_dns_ips
	client.id = 
	connections.max.idle.ms = 300000
	default.api.timeout.ms = 60000
	metadata.max.age.ms = 300000
	metric.reporters = []
	metrics.num.samples = 2
	metrics.recording.level = INFO
	metrics.sample.window.ms = 30000
	receive.buffer.bytes = 65536
	reconnect.backoff.max.ms = 1000
	reconnect.backoff.ms = 50
	request.timeout.ms = 30000
	retries = 2147483647
	retry.backoff.ms = 100
	sasl.client.callback.handler.class = null
	sasl.jaas.config = null
	sasl.kerberos.kinit.cmd = /usr/bin/kinit
	sasl.kerberos.min.time.before.relogin = 60000
	sasl.kerberos.service.name = null
	sasl.kerberos.ticket.renew.jitter = 0.05
	sasl.kerberos.ticket.renew.window.factor = 0.8
	sasl.login.callback.handler.class = null
	sasl.login.class = null
	sasl.login.connect.timeout.ms = null
	sasl.login.read.timeout.ms = null
	sasl.login.refresh.buffer.seconds = 300
	sasl.login.refresh.min.period.seconds = 60
	sasl.login.refresh.window.factor = 0.8
	sasl.login.refresh.window.jitter = 0.05
	sasl.login.retry.backoff.max.ms = 10000
	sasl.login.retry.backoff.ms = 100
	sasl.mechanism = GSSAPI
	sasl.oauthbearer.clock.skew.seconds = 30
	sasl.oauthbearer.expected.audience = null
	sasl.oauthbearer.expected.issuer = null
	sasl.oauthbearer.jwks.endpoint.refresh.ms = 3600000
	sasl.oauthbearer.jwks.endpoint.retry.backoff.max.ms = 10000
	sasl.oauthbearer.jwks.endpoint.retry.backoff.ms = 100
	sasl.oauthbearer.jwks.endpoint.url = null
	sasl.oauthbearer.scope.claim.name = scope
	sasl.oauthbearer.sub.claim.name = sub
	sasl.oauthbearer.token.endpoint.url = null
	security.protocol = PLAINTEXT
	security.providers = null
	send.buffer.bytes = 131072
	socket.connection.setup.timeout.max.ms = 30000
	socket.connection.setup.timeout.ms = 10000
	ssl.cipher.suites = null
	ssl.enabled.protocols = [TLSv1.2, TLSv1.3]
	ssl.endpoint.identification.algorithm = https
	ssl.engine.factory.class = null
	ssl.key.password = null
	ssl.keymanager.algorithm = SunX509
	ssl.keystore.certificate.chain = null
	ssl.keystore.key = null
	ssl.keystore.location = null
	ssl.keystore.password = null
	ssl.keystore.type = JKS
	ssl.protocol = TLSv1.3
	ssl.provider = null
	ssl.secure.random.implementation = null
	ssl.trustmanager.algorithm = PKIX
	ssl.truststore.certificates = null
	ssl.truststore.location = null
	ssl.truststore.password = null
	ssl.truststore.type = JKS

2025-09-15 19:17:40.794 [                  ] [main] INFO  o.a.kafka.common.utils.AppInfoParser - Kafka version: 3.6.2
2025-09-15 19:17:40.795 [                  ] [main] INFO  o.a.kafka.common.utils.AppInfoParser - Kafka commitId: c4deed513057c94e
2025-09-15 19:17:40.795 [                  ] [main] INFO  o.a.kafka.common.utils.AppInfoParser - Kafka startTimeMs: 1757974660793
2025-09-15 19:17:41.435 [                  ] [kafka-admin-client-thread | adminclient-1] INFO  o.a.kafka.common.utils.AppInfoParser - App info kafka.admin.client for adminclient-1 unregistered
2025-09-15 19:17:41.442 [                  ] [kafka-admin-client-thread | adminclient-1] INFO  o.a.kafka.common.metrics.Metrics - Metrics scheduler closed
2025-09-15 19:17:41.442 [                  ] [kafka-admin-client-thread | adminclient-1] INFO  o.a.kafka.common.metrics.Metrics - Closing reporter org.apache.kafka.common.metrics.JmxReporter
2025-09-15 19:17:41.442 [                  ] [kafka-admin-client-thread | adminclient-1] INFO  o.a.kafka.common.metrics.Metrics - Metrics reporters closed
2025-09-15 19:17:41.450 [                  ] [main] INFO  o.a.coyote.http11.Http11NioProtocol - Starting ProtocolHandler ["http-nio-8080"]
2025-09-15 19:17:41.467 [                  ] [main] INFO  o.s.b.w.e.tomcat.TomcatWebServer - Tomcat started on port 8080 (http) with context path ''
2025-09-15 19:17:41.476 [                  ] [main] INFO  c.u.c.CertificaufuApplication - Started CertificaufuApplication in 7.04 seconds (process running for 8.526)
2025-09-15 19:17:53.814 [                  ] [http-nio-8080-exec-2] INFO  o.a.c.c.C.[Tomcat].[localhost].[/] - Initializing Spring DispatcherServlet 'dispatcherServlet'
2025-09-15 19:17:53.815 [                  ] [http-nio-8080-exec-2] INFO  o.s.web.servlet.DispatcherServlet - Initializing Servlet 'dispatcherServlet'
2025-09-15 19:17:53.816 [                  ] [http-nio-8080-exec-2] INFO  o.s.web.servlet.DispatcherServlet - Completed initialization in 1 ms
2025-09-15 19:17:54.680 [                  ] [http-nio-8080-exec-5] INFO  c.u.c.services.CertificateService - Fetching certificates for user: gustavo@mail.com
2025-09-15 19:17:54.829 [                  ] [http-nio-8080-exec-6] INFO  c.u.c.services.CertificateService - Fetching certificates for user: gustavo@mail.com
2025-09-15 19:18:44.158 [                  ] [http-nio-8080-exec-2] INFO  c.u.c.services.CertificateService - Fetching certificates for user: gustavo@mail.com
2025-09-15 19:18:44.185 [                  ] [http-nio-8080-exec-1] INFO  c.u.c.services.CertificateService - Fetching certificates for user: gustavo@mail.com
2025-09-15 19:19:07.550 [                  ] [http-nio-8080-exec-6] INFO  c.u.c.services.CertificateService - Received request to create certificate 'Certificado Seg Info' for user 'gustavo@mail.com'
2025-09-15 19:19:07.560 [                  ] [http-nio-8080-exec-6] INFO  c.u.c.services.CertificateService - File validation successful.
2025-09-15 19:19:07.560 [                  ] [http-nio-8080-exec-6] INFO  c.u.c.services.CertificateService - Uploading file to S3 storage...
2025-09-15 19:19:10.665 [                  ] [http-nio-8080-exec-6] INFO  c.u.c.services.CertificateService - File uploaded successfully. URL: https://easycomm-bucket.s3.us-east-1.amazonaws.com/2270915f-79db-4fd8-90ca-983208a2d8c9.pdf
2025-09-15 19:19:10.665 [                  ] [http-nio-8080-exec-6] INFO  c.u.c.services.CertificateService - Saving certificate metadata to the database...
2025-09-15 19:19:10.742 [                  ] [http-nio-8080-exec-6] INFO  c.u.c.services.CertificateService - Certificate metadata saved with ID: 68c890de75404e6d73d382a8
2025-09-15 19:19:10.780 [                  ] [http-nio-8080-exec-6] INFO  o.a.k.c.producer.ProducerConfig - ProducerConfig values: 
	acks = -1
	auto.include.jmx.reporter = true
	batch.size = 16384
	bootstrap.servers = [localhost:9092]
	buffer.memory = 33554432
	client.dns.lookup = use_all_dns_ips
	client.id = producer-1
	compression.type = none
	connections.max.idle.ms = 540000
	delivery.timeout.ms = 120000
	enable.idempotence = true
	interceptor.classes = []
	key.serializer = class org.apache.kafka.common.serialization.StringSerializer
	linger.ms = 0
	max.block.ms = 60000
	max.in.flight.requests.per.connection = 5
	max.request.size = 1048576
	metadata.max.age.ms = 300000
	metadata.max.idle.ms = 300000
	metric.reporters = []
	metrics.num.samples = 2
	metrics.recording.level = INFO
	metrics.sample.window.ms = 30000
	partitioner.adaptive.partitioning.enable = true
	partitioner.availability.timeout.ms = 0
	partitioner.class = null
	partitioner.ignore.keys = false
	receive.buffer.bytes = 32768
	reconnect.backoff.max.ms = 1000
	reconnect.backoff.ms = 50
	request.timeout.ms = 30000
	retries = 2147483647
	retry.backoff.ms = 100
	sasl.client.callback.handler.class = null
	sasl.jaas.config = null
	sasl.kerberos.kinit.cmd = /usr/bin/kinit
	sasl.kerberos.min.time.before.relogin = 60000
	sasl.kerberos.service.name = null
	sasl.kerberos.ticket.renew.jitter = 0.05
	sasl.kerberos.ticket.renew.window.factor = 0.8
	sasl.login.callback.handler.class = null
	sasl.login.class = null
	sasl.login.connect.timeout.ms = null
	sasl.login.read.timeout.ms = null
	sasl.login.refresh.buffer.seconds = 300
	sasl.login.refresh.min.period.seconds = 60
	sasl.login.refresh.window.factor = 0.8
	sasl.login.refresh.window.jitter = 0.05
	sasl.login.retry.backoff.max.ms = 10000
	sasl.login.retry.backoff.ms = 100
	sasl.mechanism = GSSAPI
	sasl.oauthbearer.clock.skew.seconds = 30
	sasl.oauthbearer.expected.audience = null
	sasl.oauthbearer.expected.issuer = null
	sasl.oauthbearer.jwks.endpoint.refresh.ms = 3600000
	sasl.oauthbearer.jwks.endpoint.retry.backoff.max.ms = 10000
	sasl.oauthbearer.jwks.endpoint.retry.backoff.ms = 100
	sasl.oauthbearer.jwks.endpoint.url = null
	sasl.oauthbearer.scope.claim.name = scope
	sasl.oauthbearer.sub.claim.name = sub
	sasl.oauthbearer.token.endpoint.url = null
	security.protocol = PLAINTEXT
	security.providers = null
	send.buffer.bytes = 131072
	socket.connection.setup.timeout.max.ms = 30000
	socket.connection.setup.timeout.ms = 10000
	ssl.cipher.suites = null
	ssl.enabled.protocols = [TLSv1.2, TLSv1.3]
	ssl.endpoint.identification.algorithm = https
	ssl.engine.factory.class = null
	ssl.key.password = null
	ssl.keymanager.algorithm = SunX509
	ssl.keystore.certificate.chain = null
	ssl.keystore.key = null
	ssl.keystore.location = null
	ssl.keystore.password = null
	ssl.keystore.type = JKS
	ssl.protocol = TLSv1.3
	ssl.provider = null
	ssl.secure.random.implementation = null
	ssl.trustmanager.algorithm = PKIX
	ssl.truststore.certificates = null
	ssl.truststore.location = null
	ssl.truststore.password = null
	ssl.truststore.type = JKS
	transaction.timeout.ms = 60000
	transactional.id = null
	value.serializer = class org.springframework.kafka.support.serializer.JsonSerializer

2025-09-15 19:19:10.797 [                  ] [http-nio-8080-exec-6] INFO  o.a.k.clients.producer.KafkaProducer - [Producer clientId=producer-1] Instantiated an idempotent producer.
2025-09-15 19:19:10.839 [                  ] [http-nio-8080-exec-6] INFO  o.a.kafka.common.utils.AppInfoParser - Kafka version: 3.6.2
2025-09-15 19:19:10.839 [                  ] [http-nio-8080-exec-6] INFO  o.a.kafka.common.utils.AppInfoParser - Kafka commitId: c4deed513057c94e
2025-09-15 19:19:10.839 [                  ] [http-nio-8080-exec-6] INFO  o.a.kafka.common.utils.AppInfoParser - Kafka startTimeMs: 1757974750839
2025-09-15 19:19:10.870 [                  ] [kafka-producer-network-thread | producer-1] INFO  org.apache.kafka.clients.Metadata - [Producer clientId=producer-1] Cluster ID: q7BLmYtDSuCDl1Yb206eiQ
2025-09-15 19:19:10.906 [                  ] [kafka-producer-network-thread | producer-1] INFO  o.a.k.c.p.i.TransactionManager - [Producer clientId=producer-1] ProducerId set to 4001 with epoch 0
2025-09-15 19:19:10.908 [                  ] [http-nio-8080-exec-6] INFO  c.u.c.services.CertificateService - Message successfully sent to Kafka.
2025-09-15 19:19:13.306 [                  ] [http-nio-8080-exec-7] INFO  c.u.c.services.CertificateService - Fetching certificates for user: gustavo@mail.com
2025-09-15 19:19:13.329 [                  ] [http-nio-8080-exec-8] INFO  c.u.c.services.CertificateService - Fetching certificates for user: gustavo@mail.com
2025-09-15 19:19:19.082 [                  ] [http-nio-8080-exec-2] INFO  c.u.c.services.CertificateService - Fetching certificates for user: gustavo@mail.com
2025-09-15 19:19:19.139 [                  ] [http-nio-8080-exec-1] INFO  c.u.c.services.CertificateService - Fetching certificates for user: gustavo@mail.com
2025-09-15 19:19:22.820 [                  ] [http-nio-8080-exec-7] INFO  c.u.c.services.CertificateService - Fetching certificates for user: gustavo@mail.com
2025-09-15 19:19:22.844 [                  ] [http-nio-8080-exec-8] INFO  c.u.c.services.CertificateService - Fetching certificates for user: gustavo@mail.com
2025-09-15 19:19:35.078 [                  ] [http-nio-8080-exec-4] INFO  c.u.c.services.CertificateService - Request received to get all certificates.
2025-09-15 19:19:35.106 [                  ] [http-nio-8080-exec-7] INFO  c.u.c.services.CertificateService - Request received to get all certificates.
2025-09-15 19:19:41.033 [                  ] [http-nio-8080-exec-10] INFO  c.u.c.services.CertificateService - Request received to generate pre-signed URL for certificate ID: 68c890de75404e6d73d382a8
2025-09-15 19:19:41.033 [                  ] [http-nio-8080-exec-10] INFO  c.u.c.services.CertificateService - Request received to get certificate by ID: 68c890de75404e6d73d382a8
2025-09-15 19:20:02.223 [                  ] [http-nio-8080-exec-1] INFO  c.u.c.services.CertificateService - Request received to get certificate by ID: 68c890de75404e6d73d382a8
2025-09-15 19:20:02.268 [                  ] [http-nio-8080-exec-3] INFO  c.u.c.services.CertificateService - Request received to get all certificates.
2025-09-15 19:20:10.011 [                  ] [http-nio-8080-exec-2] INFO  c.u.c.services.CertificateService - Fetching certificates for user: gustavo@mail.com
2025-09-15 19:20:10.044 [                  ] [http-nio-8080-exec-1] INFO  c.u.c.services.CertificateService - Fetching certificates for user: gustavo@mail.com
2025-09-15 19:20:14.883 [                  ] [http-nio-8080-exec-6] INFO  c.u.c.services.CertificateService - Fetching certificates for user: gustavo@mail.com
2025-09-15 19:20:14.909 [                  ] [http-nio-8080-exec-5] INFO  c.u.c.services.CertificateService - Fetching certificates for user: gustavo@mail.com
2025-09-15 19:20:23.110 [                  ] [http-nio-8080-exec-3] INFO  c.u.c.services.CertificateService - Fetching certificates for user: gustavo@mail.com
2025-09-15 19:20:23.129 [                  ] [http-nio-8080-exec-8] INFO  c.u.c.services.CertificateService - Fetching certificates for user: gustavo@mail.com
2025-09-15 19:21:05.555 [                  ] [http-nio-8080-exec-9] INFO  c.u.c.services.CertificateService - Request received to get all certificates.
2025-09-15 19:21:05.583 [                  ] [http-nio-8080-exec-9] INFO  c.u.c.services.CertificateService - Request received to get all certificates.
2025-09-15 19:21:34.501 [                  ] [http-nio-8080-exec-1] INFO  c.u.c.services.CertificateService - Received request to create certificate 'NSE' for user 'coordenacao@mail.com'
2025-09-15 19:21:34.510 [                  ] [http-nio-8080-exec-1] INFO  c.u.c.services.CertificateService - File validation successful.
2025-09-15 19:21:34.511 [                  ] [http-nio-8080-exec-1] INFO  c.u.c.services.CertificateService - Uploading file to S3 storage...
2025-09-15 19:21:36.507 [                  ] [http-nio-8080-exec-1] INFO  c.u.c.services.CertificateService - File uploaded successfully. URL: https://easycomm-bucket.s3.us-east-1.amazonaws.com/930bf758-14b8-4fc4-b8ef-5cd55fbf3ea0.pdf
2025-09-15 19:21:36.507 [                  ] [http-nio-8080-exec-1] INFO  c.u.c.services.CertificateService - Saving certificate metadata to the database...
2025-09-15 19:21:36.552 [                  ] [http-nio-8080-exec-1] INFO  c.u.c.services.CertificateService - Certificate metadata saved with ID: 68c8917075404e6d73d382a9
2025-09-15 19:21:36.553 [                  ] [http-nio-8080-exec-1] INFO  c.u.c.services.CertificateService - Message successfully sent to Kafka.
2025-09-15 19:21:36.685 [                  ] [http-nio-8080-exec-4] INFO  c.u.c.services.CertificateService - Fetching certificates for user: coordenacao@mail.com
2025-09-15 19:21:36.701 [                  ] [http-nio-8080-exec-3] INFO  c.u.c.services.CertificateService - Fetching certificates for user: coordenacao@mail.com
2025-09-15 19:21:40.248 [                  ] [http-nio-8080-exec-5] INFO  c.u.c.services.CertificateService - Request received to get all certificates.
2025-09-15 19:27:18.795 [                  ] [http-nio-8080-exec-2] INFO  c.u.c.services.CertificateService - Fetching certificates for user: coordenacao@mail.com
2025-09-15 19:27:18.814 [                  ] [http-nio-8080-exec-9] INFO  c.u.c.services.CertificateService - Fetching certificates for user: coordenacao@mail.com
2025-09-15 19:28:10.947 [                  ] [kafka-producer-network-thread | producer-1] INFO  o.apache.kafka.clients.NetworkClient - [Producer clientId=producer-1] Node -1 disconnected.
2025-09-15 19:52:35.986 [                  ] [http-nio-8080-exec-8] INFO  c.u.c.services.CertificateService - Fetching certificates for user: gustavo@mail.com
2025-09-15 19:52:36.018 [                  ] [http-nio-8080-exec-10] INFO  c.u.c.services.CertificateService - Fetching certificates for user: gustavo@mail.com
2025-09-15 19:53:31.319 [                  ] [http-nio-8080-exec-9] INFO  c.u.c.services.CertificateService - Received request to create certificate 'IC Deep Learning' for user 'gustavo@mail.com'
2025-09-15 19:53:31.329 [                  ] [http-nio-8080-exec-9] INFO  c.u.c.services.CertificateService - File validation successful.
2025-09-15 19:53:31.329 [                  ] [http-nio-8080-exec-9] INFO  c.u.c.services.CertificateService - Uploading file to S3 storage...
2025-09-15 19:53:33.639 [                  ] [http-nio-8080-exec-9] INFO  c.u.c.services.CertificateService - File uploaded successfully. URL: https://easycomm-bucket.s3.us-east-1.amazonaws.com/6b7939fe-6d7b-426f-bc10-feec3febe210.pdf
2025-09-15 19:53:33.643 [                  ] [http-nio-8080-exec-9] INFO  c.u.c.services.CertificateService - Saving certificate metadata to the database...
2025-09-15 19:53:33.695 [                  ] [http-nio-8080-exec-9] INFO  c.u.c.services.CertificateService - Certificate metadata saved with ID: 68c898ed75404e6d73d382aa
2025-09-15 19:53:33.716 [                  ] [http-nio-8080-exec-9] INFO  c.u.c.services.CertificateService - Message successfully sent to Kafka.
2025-09-15 19:53:33.995 [                  ] [http-nio-8080-exec-6] INFO  c.u.c.services.CertificateService - Fetching certificates for user: gustavo@mail.com
2025-09-15 19:53:34.026 [                  ] [http-nio-8080-exec-5] INFO  c.u.c.services.CertificateService - Fetching certificates for user: gustavo@mail.com
2025-09-15 20:11:50.495 [                  ] [http-nio-8080-exec-2] INFO  c.u.c.services.CertificateService - Fetching certificates for user: gustavo@mail.com
2025-09-15 20:11:50.526 [                  ] [http-nio-8080-exec-9] INFO  c.u.c.services.CertificateService - Fetching certificates for user: gustavo@mail.com
2025-09-15 20:11:55.965 [                  ] [http-nio-8080-exec-7] INFO  c.u.c.services.CertificateService - Request received to generate pre-signed URL for certificate ID: 68c8917075404e6d73d382a9
2025-09-15 20:11:55.965 [                  ] [http-nio-8080-exec-7] INFO  c.u.c.services.CertificateService - Request received to get certificate by ID: 68c8917075404e6d73d382a9
2025-09-15 20:14:15.840 [                  ] [http-nio-8080-exec-6] INFO  o.s.api.AbstractOpenApiResource - Init duration for springdoc-openapi is: 2736 ms
2025-09-15 20:21:49.656 [                  ] [http-nio-8080-exec-3] INFO  c.u.c.services.CertificateService - Fetching certificates for user: gustavo@mail.com
2025-09-15 20:21:49.686 [                  ] [http-nio-8080-exec-8] INFO  c.u.c.services.CertificateService - Fetching certificates for user: gustavo@mail.com
2025-09-15 20:22:34.232 [                  ] [http-nio-8080-exec-10] INFO  c.u.c.services.CertificateService - Received request to create certificate 'Teste' for user 'gustavo@mail.com'
2025-09-15 20:22:34.243 [                  ] [http-nio-8080-exec-10] INFO  c.u.c.services.CertificateService - File validation successful.
2025-09-15 20:22:34.243 [                  ] [http-nio-8080-exec-10] INFO  c.u.c.services.CertificateService - Uploading file to S3 storage...
2025-09-15 20:22:36.493 [                  ] [http-nio-8080-exec-10] INFO  c.u.c.services.CertificateService - File uploaded successfully. URL: https://easycomm-bucket.s3.us-east-1.amazonaws.com/c07c0cd1-17e9-43f6-8876-98096bc12536.pdf
2025-09-15 20:22:36.493 [                  ] [http-nio-8080-exec-10] INFO  c.u.c.services.CertificateService - Saving certificate metadata to the database...
2025-09-15 20:22:36.502 [                  ] [http-nio-8080-exec-10] INFO  c.u.c.services.CertificateService - Certificate metadata saved with ID: 68c89fbc75404e6d73d382ac
2025-09-15 20:22:36.513 [                  ] [http-nio-8080-exec-10] INFO  c.u.c.services.CertificateService - Message successfully sent to Kafka.
2025-09-15 20:22:36.733 [                  ] [http-nio-8080-exec-1] INFO  c.u.c.services.CertificateService - Fetching certificates for user: gustavo@mail.com
2025-09-15 20:22:36.755 [                  ] [http-nio-8080-exec-1] INFO  c.u.c.services.CertificateService - Fetching certificates for user: gustavo@mail.com
2025-09-15 20:22:47.812 [                  ] [http-nio-8080-exec-3] INFO  c.u.c.services.CertificateService - Fetching certificates for user: gustavo@mail.com
2025-09-15 20:22:47.849 [                  ] [http-nio-8080-exec-8] INFO  c.u.c.services.CertificateService - Fetching certificates for user: gustavo@mail.com
2025-09-15 20:23:06.093 [                  ] [http-nio-8080-exec-3] INFO  c.u.c.services.CertificateService - Fetching certificates for user: gustavo@mail.com
2025-09-15 20:23:06.131 [                  ] [http-nio-8080-exec-8] INFO  c.u.c.services.CertificateService - Fetching certificates for user: gustavo@mail.com
2025-09-15 20:23:24.498 [                  ] [http-nio-8080-exec-2] INFO  c.u.c.services.CertificateService - Request received to get all certificates.
2025-09-15 20:23:28.778 [                  ] [http-nio-8080-exec-1] INFO  c.u.c.services.CertificateService - Request received to generate pre-signed URL for certificate ID: 68c89fbc75404e6d73d382ac
2025-09-15 20:23:28.779 [                  ] [http-nio-8080-exec-1] INFO  c.u.c.services.CertificateService - Request received to get certificate by ID: 68c89fbc75404e6d73d382ac
2025-09-15 20:24:31.155 [                  ] [http-nio-8080-exec-9] INFO  c.u.c.services.CertificateService - Request received to generate pre-signed URL for certificate ID: 68c89fbc75404e6d73d382ac
2025-09-15 20:24:31.155 [                  ] [http-nio-8080-exec-9] INFO  c.u.c.services.CertificateService - Request received to get certificate by ID: 68c89fbc75404e6d73d382ac
2025-09-15 20:24:46.736 [                  ] [http-nio-8080-exec-3] INFO  c.u.c.services.CertificateService - Request received to get all certificates.
2025-09-15 20:24:46.754 [                  ] [http-nio-8080-exec-4] INFO  c.u.c.services.CertificateService - Request received to get all certificates.
2025-09-15 20:24:49.152 [                  ] [http-nio-8080-exec-2] INFO  c.u.c.services.CertificateService - Request received to generate pre-signed URL for certificate ID: 68c89fbc75404e6d73d382ac
2025-09-15 20:24:49.152 [                  ] [http-nio-8080-exec-2] INFO  c.u.c.services.CertificateService - Request received to get certificate by ID: 68c89fbc75404e6d73d382ac
2025-09-15 20:24:53.244 [                  ] [http-nio-8080-exec-7] INFO  c.u.c.services.CertificateService - Request received to generate pre-signed URL for certificate ID: 68c89fbc75404e6d73d382ac
2025-09-15 20:24:53.244 [                  ] [http-nio-8080-exec-7] INFO  c.u.c.services.CertificateService - Request received to get certificate by ID: 68c89fbc75404e6d73d382ac
2025-09-15 20:24:54.124 [                  ] [http-nio-8080-exec-5] INFO  c.u.c.services.CertificateService - Request received to get certificate by ID: 68c89fbc75404e6d73d382ac
2025-09-15 20:24:54.202 [                  ] [http-nio-8080-exec-3] INFO  c.u.c.services.CertificateService - Request received to get all certificates.
2025-09-15 20:25:20.847 [                  ] [http-nio-8080-exec-5] INFO  c.u.c.services.CertificateService - Request received to get all certificates.
2025-09-15 20:25:20.867 [                  ] [http-nio-8080-exec-8] INFO  c.u.c.services.CertificateService - Request received to get all certificates.
2025-09-15 20:25:30.422 [                  ] [http-nio-8080-exec-3] INFO  c.u.c.services.CertificateService - Fetching certificates for user: coordenacao@mail.com
2025-09-15 20:25:44.363 [                  ] [http-nio-8080-exec-2] INFO  c.u.c.services.CertificateService - Fetching certificates for user: gustavo@mail.com
2025-09-15 20:25:44.386 [                  ] [http-nio-8080-exec-5] INFO  c.u.c.services.CertificateService - Fetching certificates for user: gustavo@mail.com
2025-09-15 20:25:58.562 [                  ] [http-nio-8080-exec-10] INFO  c.u.c.services.CertificateService - Fetching certificates for user: gustavo@mail.com
2025-09-15 20:25:58.579 [                  ] [http-nio-8080-exec-3] INFO  c.u.c.services.CertificateService - Fetching certificates for user: gustavo@mail.com
2025-09-15 20:26:06.917 [                  ] [http-nio-8080-exec-7] INFO  c.u.c.services.CertificateService - Fetching certificates for user: gustavo@mail.com
2025-09-15 20:26:06.953 [                  ] [http-nio-8080-exec-1] INFO  c.u.c.services.CertificateService - Fetching certificates for user: gustavo@mail.com
2025-09-15 20:31:34.364 [                  ] [http-nio-8080-exec-6] INFO  c.u.c.services.CertificateService - Request received to get all certificates.
2025-09-15 20:31:34.377 [                  ] [http-nio-8080-exec-8] INFO  c.u.c.services.CertificateService - Request received to get all certificates.
